company,loan_id,status,duration_months,innbetalte_terminer,estimated_repaid,interest_rate,forventet_renteinntekt,netto_renteinntekt,renter_utestaaende,netto_vs_forventet_renteinntekt_prosent,tildeling,total_forventet_avkastning,tilbakebetalt,total_faktisk_avkastning,faktisk_vs_forventet_avkastning_prosent,date,transaction_type,amount_nok
EFA Eiendom AS,4451,Aktiv,18,0,2025-10-23,13.5,405.0,360.0,45.0,88.88888888888889,2000.0,2405.0,0.0,360.0,14.96881496881497,2024-04-02,Tildeling,-2000.0
EFA Eiendom AS,4451,Aktiv,18,1,2025-10-23,13.5,405.0,360.0,45.0,88.88888888888889,2000.0,2405.0,0.0,360.0,14.96881496881497,2024-04-23,Renteinntekt,22.5
EFA Eiendom AS,4451,Aktiv,18,2,2025-10-23,13.5,405.0,360.0,45.0,88.88888888888889,2000.0,2405.0,0.0,360.0,14.96881496881497,2024-05-22,Renteinntekt,22.5
EFA Eiendom AS,4451,Aktiv,18,3,2025-10-23,13.5,405.0,360.0,45.0,88.88888888888889,2000.0,2405.0,0.0,360.0,14.96881496881497,2024-06-24,Renteinntekt,22.5
EFA Eiendom AS,4451,Aktiv,18,4,2025-10-23,13.5,405.0,360.0,45.0,88.88888888888889,2000.0,2405.0,0.0,360.0,14.96881496881497,2024-07-22,Renteinntekt,22.5
EFA Eiendom AS,4451,Aktiv,18,5,2025-10-23,13.5,405.0,360.0,45.0,88.88888888888889,2000.0,2405.0,0.0,360.0,14.96881496881497,2024-08-22,Renteinntekt,22.5
EFA Eiendom AS,4451,Aktiv,18,6,2025-10-23,13.5,405.0,360.0,45.0,88.88888888888889,2000.0,2405.0,0.0,360.0,14.96881496881497,2024-09-24,Renteinntekt,22.5
EFA Eiendom AS,4451,Aktiv,18,7,2025-10-23,13.5,405.0,360.0,45.0,88.88888888888889,2000.0,2405.0,0.0,360.0,14.96881496881497,2024-10-22,Renteinntekt,22.5
EFA Eiendom AS,4451,Aktiv,18,8,2025-10-23,13.5,405.0,360.0,45.0,88.88888888888889,2000.0,2405.0,0.0,360.0,14.96881496881497,2024-11-22,Renteinntekt,22.5
EFA Eiendom AS,4451,Aktiv,18,9,2025-10-23,13.5,405.0,360.0,45.0,88.88888888888889,2000.0,2405.0,0.0,360.0,14.96881496881497,2024-12-23,Renteinntekt,22.5
EFA Eiendom AS,4451,Aktiv,18,10,2025-10-23,13.5,405.0,360.0,45.0,88.88888888888889,2000.0,2405.0,0.0,360.0,14.96881496881497,2025-01-22,Renteinntekt,22.5
EFA Eiendom AS,4451,Aktiv,18,11,2025-10-23,13.5,405.0,360.0,45.0,88.88888888888889,2000.0,2405.0,0.0,360.0,14.96881496881497,2025-02-24,Renteinntekt,22.5
EFA Eiendom AS,4451,Aktiv,18,12,2025-10-23,13.5,405.0,360.0,45.0,88.88888888888889,2000.0,2405.0,0.0,360.0,14.96881496881497,2025-03-24,Renteinntekt,22.5
EFA Eiendom AS,4451,Aktiv,18,13,2025-10-23,13.5,405.0,360.0,45.0,88.88888888888889,2000.0,2405.0,0.0,360.0,14.96881496881497,2025-04-22,Renteinntekt,22.5
EFA Eiendom AS,4451,Aktiv,18,14,2025-10-23,13.5,405.0,360.0,45.0,88.88888888888889,2000.0,2405.0,0.0,360.0,14.96881496881497,2025-05-22,Renteinntekt,22.5
EFA Eiendom AS,4451,Aktiv,18,15,2025-10-23,13.5,405.0,360.0,45.0,88.88888888888889,2000.0,2405.0,0.0,360.0,14.96881496881497,2025-06-23,Renteinntekt,22.5
EFA Eiendom AS,4451,Aktiv,18,16,2025-10-23,13.5,405.0,360.0,45.0,88.88888888888889,2000.0,2405.0,0.0,360.0,14.96881496881497,2025-07-22,Renteinntekt,22.5
BFM 8 AS,4481,Aktiv,26,0,2026-05-12,14.0,606.6666666666666,396.60999999999996,210.05666666666667,65.37527472527472,2000.0,2606.6666666666665,0.0,396.60999999999996,15.215217391304348,2024-02-09,Tildeling,-2000.0
BFM 8 AS,4481,Aktiv,26,1,2026-05-12,14.0,606.6666666666666,396.60999999999996,210.05666666666667,65.37527472527472,2000.0,2606.6666666666665,0.0,396.60999999999996,15.215217391304348,2024-03-12,Renteinntekt,23.33
BFM 8 AS,4481,Aktiv,26,2,2026-05-12,14.0,606.6666666666666,396.60999999999996,210.05666666666667,65.37527472527472,2000.0,2606.6666666666665,0.0,396.60999999999996,15.215217391304348,2024-04-09,Renteinntekt,23.33
BFM 8 AS,4481,Aktiv,26,3,2026-05-12,14.0,606.6666666666666,396.60999999999996,210.05666666666667,65.37527472527472,2000.0,2606.6666666666665,0.0,396.60999999999996,15.215217391304348,2024-05-10,Renteinntekt,23.33
BFM 8 AS,4481,Aktiv,26,4,2026-05-12,14.0,606.6666666666666,396.60999999999996,210.05666666666667,65.37527472527472,2000.0,2606.6666666666665,0.0,396.60999999999996,15.215217391304348,2024-06-11,Renteinntekt,23.33
BFM 8 AS,4481,Aktiv,26,5,2026-05-12,14.0,606.6666666666666,396.60999999999996,210.05666666666667,65.37527472527472,2000.0,2606.6666666666665,0.0,396.60999999999996,15.215217391304348,2024-07-09,Renteinntekt,23.33
BFM 8 AS,4481,Aktiv,26,6,2026-05-12,14.0,606.6666666666666,396.60999999999996,210.05666666666667,65.37527472527472,2000.0,2606.6666666666665,0.0,396.60999999999996,15.215217391304348,2024-08-09,Renteinntekt,23.33
BFM 8 AS,4481,Aktiv,26,7,2026-05-12,14.0,606.6666666666666,396.60999999999996,210.05666666666667,65.37527472527472,2000.0,2606.6666666666665,0.0,396.60999999999996,15.215217391304348,2024-09-09,Renteinntekt,23.33
BFM 8 AS,4481,Aktiv,26,8,2026-05-12,14.0,606.6666666666666,396.60999999999996,210.05666666666667,65.37527472527472,2000.0,2606.6666666666665,0.0,396.60999999999996,15.215217391304348,2024-10-09,Renteinntekt,23.33
BFM 8 AS,4481,Aktiv,26,9,2026-05-12,14.0,606.6666666666666,396.60999999999996,210.05666666666667,65.37527472527472,2000.0,2606.6666666666665,0.0,396.60999999999996,15.215217391304348,2024-11-11,Renteinntekt,23.33
BFM 8 AS,4481,Aktiv,26,10,2026-05-12,14.0,606.6666666666666,396.60999999999996,210.05666666666667,65.37527472527472,2000.0,2606.6666666666665,0.0,396.60999999999996,15.215217391304348,2024-12-09,Renteinntekt,23.33
BFM 8 AS,4481,Aktiv,26,11,2026-05-12,14.0,606.6666666666666,396.60999999999996,210.05666666666667,65.37527472527472,2000.0,2606.6666666666665,0.0,396.60999999999996,15.215217391304348,2025-01-10,Renteinntekt,23.33
BFM 8 AS,4481,Aktiv,26,12,2026-05-12,14.0,606.6666666666666,396.60999999999996,210.05666666666667,65.37527472527472,2000.0,2606.6666666666665,0.0,396.60999999999996,15.215217391304348,2025-02-11,Renteinntekt,23.33
BFM 8 AS,4481,Aktiv,26,13,2026-05-12,14.0,606.6666666666666,396.60999999999996,210.05666666666667,65.37527472527472,2000.0,2606.6666666666665,0.0,396.60999999999996,15.215217391304348,2025-03-10,Renteinntekt,23.33
BFM 8 AS,4481,Aktiv,26,14,2026-05-12,14.0,606.6666666666666,396.60999999999996,210.05666666666667,65.37527472527472,2000.0,2606.6666666666665,0.0,396.60999999999996,15.215217391304348,2025-04-10,Renteinntekt,23.33
BFM 8 AS,4481,Aktiv,26,15,2026-05-12,14.0,606.6666666666666,396.60999999999996,210.05666666666667,65.37527472527472,2000.0,2606.6666666666665,0.0,396.60999999999996,15.215217391304348,2025-05-12,Renteinntekt,23.33
BFM 8 AS,4481,Aktiv,26,16,2026-05-12,14.0,606.6666666666666,396.60999999999996,210.05666666666667,65.37527472527472,2000.0,2606.6666666666665,0.0,396.60999999999996,15.215217391304348,2025-06-10,Renteinntekt,23.33
BFM 8 AS,4481,Aktiv,26,17,2026-05-12,14.0,606.6666666666666,396.60999999999996,210.05666666666667,65.37527472527472,2000.0,2606.6666666666665,0.0,396.60999999999996,15.215217391304348,2025-07-11,Renteinntekt,23.33
Kvitsand Hytter AS,4482,Aktiv,23,0,2026-02-07,16.0,613.3333333333334,431.68,181.65333333333336,70.38260869565217,2000.0,2613.3333333333335,0.0,431.68,16.518367346938774,2024-02-12,Tildeling,-2000.0
Kvitsand Hytter AS,4482,Aktiv,23,1,2026-02-07,16.0,613.3333333333334,431.68,181.65333333333336,70.38260869565217,2000.0,2613.3333333333335,0.0,431.68,16.518367346938774,2024-03-07,Renteinntekt,31.56
Kvitsand Hytter AS,4482,Aktiv,23,1,2026-02-07,16.0,613.3333333333334,431.68,181.65333333333336,70.38260869565217,2000.0,2613.3333333333335,0.0,431.68,16.518367346938774,2024-04-12,Forsinkelsesrente,0.07
Kvitsand Hytter AS,4482,Aktiv,23,2,2026-02-07,16.0,613.3333333333334,431.68,181.65333333333336,70.38260869565217,2000.0,2613.3333333333335,0.0,431.68,16.518367346938774,2024-04-12,Renteinntekt,26.67
Kvitsand Hytter AS,4482,Aktiv,23,3,2026-02-07,16.0,613.3333333333334,431.68,181.65333333333336,70.38260869565217,2000.0,2613.3333333333335,0.0,431.68,16.518367346938774,2024-05-07,Renteinntekt,26.67
Kvitsand Hytter AS,4482,Aktiv,23,4,2026-02-07,16.0,613.3333333333334,431.68,181.65333333333336,70.38260869565217,2000.0,2613.3333333333335,0.0,431.68,16.518367346938774,2024-06-07,Renteinntekt,26.67
Kvitsand Hytter AS,4482,Aktiv,23,5,2026-02-07,16.0,613.3333333333334,431.68,181.65333333333336,70.38260869565217,2000.0,2613.3333333333335,0.0,431.68,16.518367346938774,2024-07-08,Renteinntekt,26.67
Kvitsand Hytter AS,4482,Aktiv,23,6,2026-02-07,16.0,613.3333333333334,431.68,181.65333333333336,70.38260869565217,2000.0,2613.3333333333335,0.0,431.68,16.518367346938774,2024-08-07,Renteinntekt,26.67
Kvitsand Hytter AS,4482,Aktiv,23,7,2026-02-07,16.0,613.3333333333334,431.68,181.65333333333336,70.38260869565217,2000.0,2613.3333333333335,0.0,431.68,16.518367346938774,2024-09-09,Renteinntekt,26.67
Kvitsand Hytter AS,4482,Aktiv,23,8,2026-02-07,16.0,613.3333333333334,431.68,181.65333333333336,70.38260869565217,2000.0,2613.3333333333335,0.0,431.68,16.518367346938774,2024-10-07,Renteinntekt,26.67
Kvitsand Hytter AS,4482,Aktiv,23,9,2026-02-07,16.0,613.3333333333334,431.68,181.65333333333336,70.38260869565217,2000.0,2613.3333333333335,0.0,431.68,16.518367346938774,2024-11-07,Renteinntekt,26.67
Kvitsand Hytter AS,4482,Aktiv,23,10,2026-02-07,16.0,613.3333333333334,431.68,181.65333333333336,70.38260869565217,2000.0,2613.3333333333335,0.0,431.68,16.518367346938774,2024-12-09,Renteinntekt,26.67
Kvitsand Hytter AS,4482,Aktiv,23,11,2026-02-07,16.0,613.3333333333334,431.68,181.65333333333336,70.38260869565217,2000.0,2613.3333333333335,0.0,431.68,16.518367346938774,2025-01-07,Renteinntekt,26.67
Kvitsand Hytter AS,4482,Aktiv,23,12,2026-02-07,16.0,613.3333333333334,431.68,181.65333333333336,70.38260869565217,2000.0,2613.3333333333335,0.0,431.68,16.518367346938774,2025-02-07,Renteinntekt,26.67
Kvitsand Hytter AS,4482,Aktiv,23,13,2026-02-07,16.0,613.3333333333334,431.68,181.65333333333336,70.38260869565217,2000.0,2613.3333333333335,0.0,431.68,16.518367346938774,2025-03-07,Renteinntekt,26.67
Kvitsand Hytter AS,4482,Aktiv,23,14,2026-02-07,16.0,613.3333333333334,431.68,181.65333333333336,70.38260869565217,2000.0,2613.3333333333335,0.0,431.68,16.518367346938774,2025-04-07,Renteinntekt,26.67
Kvitsand Hytter AS,4482,Aktiv,23,15,2026-02-07,16.0,613.3333333333334,431.68,181.65333333333336,70.38260869565217,2000.0,2613.3333333333335,0.0,431.68,16.518367346938774,2025-05-07,Renteinntekt,26.67
Kvitsand Hytter AS,4482,Aktiv,23,16,2026-02-07,16.0,613.3333333333334,431.68,181.65333333333336,70.38260869565217,2000.0,2613.3333333333335,0.0,431.68,16.518367346938774,2025-06-10,Renteinntekt,26.67
Lager For Alle AS,4483,Tilbakebetalt,11,0,2024-09-12,15.0,275.0,181.23,93.77000000000001,65.90181818181819,2000.0,2275.0,2000.0,2181.23,95.87824175824176,2024-02-06,Tildeling,-2000.0
Lager For Alle AS,4483,Tilbakebetalt,11,1,2024-09-12,15.0,275.0,181.23,93.77000000000001,65.90181818181819,2000.0,2275.0,2000.0,2181.23,95.87824175824176,2024-02-23,Renteinntekt,14.79
Lager For Alle AS,4483,Tilbakebetalt,11,2,2024-09-12,15.0,275.0,181.23,93.77000000000001,65.90181818181819,2000.0,2275.0,2000.0,2181.23,95.87824175824176,2024-03-25,Renteinntekt,25.0
Lager For Alle AS,4483,Tilbakebetalt,11,3,2024-09-12,15.0,275.0,181.23,93.77000000000001,65.90181818181819,2000.0,2275.0,2000.0,2181.23,95.87824175824176,2024-04-23,Renteinntekt,25.0
Lager For Alle AS,4483,Tilbakebetalt,11,4,2024-09-12,15.0,275.0,181.23,93.77000000000001,65.90181818181819,2000.0,2275.0,2000.0,2181.23,95.87824175824176,2024-05-23,Renteinntekt,25.0
Lager For Alle AS,4483,Tilbakebetalt,11,5,2024-09-12,15.0,275.0,181.23,93.77000000000001,65.90181818181819,2000.0,2275.0,2000.0,2181.23,95.87824175824176,2024-06-24,Renteinntekt,25.0
Lager For Alle AS,4483,Tilbakebetalt,11,6,2024-09-12,15.0,275.0,181.23,93.77000000000001,65.90181818181819,2000.0,2275.0,2000.0,2181.23,95.87824175824176,2024-07-23,Renteinntekt,25.0
Lager For Alle AS,4483,Tilbakebetalt,11,7,2024-09-12,15.0,275.0,181.23,93.77000000000001,65.90181818181819,2000.0,2275.0,2000.0,2181.23,95.87824175824176,2024-08-23,Renteinntekt,25.0
Lager For Alle AS,4483,Tilbakebetalt,11,8,2024-09-12,15.0,275.0,181.23,93.77000000000001,65.90181818181819,2000.0,2275.0,2000.0,2181.23,95.87824175824176,2024-09-12,Renteinntekt,16.44
Lager For Alle AS,4483,Tilbakebetalt,11,8,2024-09-12,15.0,275.0,181.23,93.77000000000001,65.90181818181819,2000.0,2275.0,2000.0,2181.23,95.87824175824176,2024-09-12,Tilbakebetaling,2000.0
AEKO Eiendomsutvikling AS,4501,Aktiv,20,0,2025-11-27,13.0,433.33333333333337,368.39000000000004,64.94333333333333,85.01307692307692,2000.0,2433.3333333333335,0.0,368.39000000000004,15.13931506849315,2024-02-26,Tildeling,-2000.0
AEKO Eiendomsutvikling AS,4501,Aktiv,20,1,2025-11-27,13.0,433.33333333333337,368.39000000000004,64.94333333333333,85.01307692307692,2000.0,2433.3333333333335,0.0,368.39000000000004,15.13931506849315,2024-03-27,Renteinntekt,21.67
AEKO Eiendomsutvikling AS,4501,Aktiv,20,2,2025-11-27,13.0,433.33333333333337,368.39000000000004,64.94333333333333,85.01307692307692,2000.0,2433.3333333333335,0.0,368.39000000000004,15.13931506849315,2024-04-29,Renteinntekt,21.67
AEKO Eiendomsutvikling AS,4501,Aktiv,20,3,2025-11-27,13.0,433.33333333333337,368.39000000000004,64.94333333333333,85.01307692307692,2000.0,2433.3333333333335,0.0,368.39000000000004,15.13931506849315,2024-05-27,Renteinntekt,21.67
AEKO Eiendomsutvikling AS,4501,Aktiv,20,4,2025-11-27,13.0,433.33333333333337,368.39000000000004,64.94333333333333,85.01307692307692,2000.0,2433.3333333333335,0.0,368.39000000000004,15.13931506849315,2024-06-27,Renteinntekt,21.67
AEKO Eiendomsutvikling AS,4501,Aktiv,20,5,2025-11-27,13.0,433.33333333333337,368.39000000000004,64.94333333333333,85.01307692307692,2000.0,2433.3333333333335,0.0,368.39000000000004,15.13931506849315,2024-07-29,Renteinntekt,21.67
AEKO Eiendomsutvikling AS,4501,Aktiv,20,6,2025-11-27,13.0,433.33333333333337,368.39000000000004,64.94333333333333,85.01307692307692,2000.0,2433.3333333333335,0.0,368.39000000000004,15.13931506849315,2024-08-27,Renteinntekt,21.67
AEKO Eiendomsutvikling AS,4501,Aktiv,20,7,2025-11-27,13.0,433.33333333333337,368.39000000000004,64.94333333333333,85.01307692307692,2000.0,2433.3333333333335,0.0,368.39000000000004,15.13931506849315,2024-09-27,Renteinntekt,21.67
AEKO Eiendomsutvikling AS,4501,Aktiv,20,8,2025-11-27,13.0,433.33333333333337,368.39000000000004,64.94333333333333,85.01307692307692,2000.0,2433.3333333333335,0.0,368.39000000000004,15.13931506849315,2024-10-28,Renteinntekt,21.67
AEKO Eiendomsutvikling AS,4501,Aktiv,20,9,2025-11-27,13.0,433.33333333333337,368.39000000000004,64.94333333333333,85.01307692307692,2000.0,2433.3333333333335,0.0,368.39000000000004,15.13931506849315,2024-11-27,Renteinntekt,21.67
AEKO Eiendomsutvikling AS,4501,Aktiv,20,10,2025-11-27,13.0,433.33333333333337,368.39000000000004,64.94333333333333,85.01307692307692,2000.0,2433.3333333333335,0.0,368.39000000000004,15.13931506849315,2024-12-27,Renteinntekt,21.67
AEKO Eiendomsutvikling AS,4501,Aktiv,20,11,2025-11-27,13.0,433.33333333333337,368.39000000000004,64.94333333333333,85.01307692307692,2000.0,2433.3333333333335,0.0,368.39000000000004,15.13931506849315,2025-01-27,Renteinntekt,21.67
AEKO Eiendomsutvikling AS,4501,Aktiv,20,12,2025-11-27,13.0,433.33333333333337,368.39000000000004,64.94333333333333,85.01307692307692,2000.0,2433.3333333333335,0.0,368.39000000000004,15.13931506849315,2025-02-27,Renteinntekt,21.67
AEKO Eiendomsutvikling AS,4501,Aktiv,20,13,2025-11-27,13.0,433.33333333333337,368.39000000000004,64.94333333333333,85.01307692307692,2000.0,2433.3333333333335,0.0,368.39000000000004,15.13931506849315,2025-03-27,Renteinntekt,21.67
AEKO Eiendomsutvikling AS,4501,Aktiv,20,14,2025-11-27,13.0,433.33333333333337,368.39000000000004,64.94333333333333,85.01307692307692,2000.0,2433.3333333333335,0.0,368.39000000000004,15.13931506849315,2025-04-28,Renteinntekt,21.67
AEKO Eiendomsutvikling AS,4501,Aktiv,20,15,2025-11-27,13.0,433.33333333333337,368.39000000000004,64.94333333333333,85.01307692307692,2000.0,2433.3333333333335,0.0,368.39000000000004,15.13931506849315,2025-05-27,Renteinntekt,21.67
AEKO Eiendomsutvikling AS,4501,Aktiv,20,16,2025-11-27,13.0,433.33333333333337,368.39000000000004,64.94333333333333,85.01307692307692,2000.0,2433.3333333333335,0.0,368.39000000000004,15.13931506849315,2025-06-27,Renteinntekt,21.67
AEKO Eiendomsutvikling AS,4501,Aktiv,20,17,2025-11-27,13.0,433.33333333333337,368.39000000000004,64.94333333333333,85.01307692307692,2000.0,2433.3333333333335,0.0,368.39000000000004,15.13931506849315,2025-07-28,Renteinntekt,21.67
G. Foss Eiendom AS,4504,Tilbakebetalt,3,0,2024-03-27,15.0,75.0,75.0,0.0,100.0,2000.0,2075.0,2000.0,2075.0,100.0,2024-03-07,Tildeling,-2000.0
G. Foss Eiendom AS,4504,Tilbakebetalt,3,1,2024-03-27,15.0,75.0,75.0,0.0,100.0,2000.0,2075.0,2000.0,2075.0,100.0,2024-03-27,Renteinntekt,75.0
G. Foss Eiendom AS,4504,Tilbakebetalt,3,1,2024-03-27,15.0,75.0,75.0,0.0,100.0,2000.0,2075.0,2000.0,2075.0,100.0,2024-03-27,Tilbakebetaling,2000.0
Atlas Eiendom AS,4510,Aktiv,18,0,2025-10-29,14.0,420.0,384.46999999999997,35.53000000000003,91.54047619047618,2000.0,2420.0,0.0,384.46999999999997,15.887190082644626,2024-03-15,Tildeling,-2000.0
Atlas Eiendom AS,4510,Aktiv,18,1,2025-10-29,14.0,420.0,384.46999999999997,35.53000000000003,91.54047619047618,2000.0,2420.0,0.0,384.46999999999997,15.887190082644626,2024-04-29,Renteinntekt,34.52
Atlas Eiendom AS,4510,Aktiv,18,2,2025-10-29,14.0,420.0,384.46999999999997,35.53000000000003,91.54047619047618,2000.0,2420.0,0.0,384.46999999999997,15.887190082644626,2024-05-28,Renteinntekt,23.33
Atlas Eiendom AS,4510,Aktiv,18,3,2025-10-29,14.0,420.0,384.46999999999997,35.53000000000003,91.54047619047618,2000.0,2420.0,0.0,384.46999999999997,15.887190082644626,2024-06-28,Renteinntekt,23.33
Atlas Eiendom AS,4510,Aktiv,18,4,2025-10-29,14.0,420.0,384.46999999999997,35.53000000000003,91.54047619047618,2000.0,2420.0,0.0,384.46999999999997,15.887190082644626,2024-07-29,Renteinntekt,23.33
Atlas Eiendom AS,4510,Aktiv,18,5,2025-10-29,14.0,420.0,384.46999999999997,35.53000000000003,91.54047619047618,2000.0,2420.0,0.0,384.46999999999997,15.887190082644626,2024-08-28,Renteinntekt,23.33
Atlas Eiendom AS,4510,Aktiv,18,6,2025-10-29,14.0,420.0,384.46999999999997,35.53000000000003,91.54047619047618,2000.0,2420.0,0.0,384.46999999999997,15.887190082644626,2024-09-30,Renteinntekt,23.33
Atlas Eiendom AS,4510,Aktiv,18,7,2025-10-29,14.0,420.0,384.46999999999997,35.53000000000003,91.54047619047618,2000.0,2420.0,0.0,384.46999999999997,15.887190082644626,2024-10-28,Renteinntekt,23.33
Atlas Eiendom AS,4510,Aktiv,18,8,2025-10-29,14.0,420.0,384.46999999999997,35.53000000000003,91.54047619047618,2000.0,2420.0,0.0,384.46999999999997,15.887190082644626,2024-11-28,Renteinntekt,23.33
Atlas Eiendom AS,4510,Aktiv,18,9,2025-10-29,14.0,420.0,384.46999999999997,35.53000000000003,91.54047619047618,2000.0,2420.0,0.0,384.46999999999997,15.887190082644626,2024-12-30,Renteinntekt,23.33
Atlas Eiendom AS,4510,Aktiv,18,10,2025-10-29,14.0,420.0,384.46999999999997,35.53000000000003,91.54047619047618,2000.0,2420.0,0.0,384.46999999999997,15.887190082644626,2025-01-28,Renteinntekt,23.33
Atlas Eiendom AS,4510,Aktiv,18,11,2025-10-29,14.0,420.0,384.46999999999997,35.53000000000003,91.54047619047618,2000.0,2420.0,0.0,384.46999999999997,15.887190082644626,2025-02-28,Renteinntekt,23.33
Atlas Eiendom AS,4510,Aktiv,18,12,2025-10-29,14.0,420.0,384.46999999999997,35.53000000000003,91.54047619047618,2000.0,2420.0,0.0,384.46999999999997,15.887190082644626,2025-03-28,Renteinntekt,23.33
Atlas Eiendom AS,4510,Aktiv,18,13,2025-10-29,14.0,420.0,384.46999999999997,35.53000000000003,91.54047619047618,2000.0,2420.0,0.0,384.46999999999997,15.887190082644626,2025-04-28,Renteinntekt,23.33
Atlas Eiendom AS,4510,Aktiv,18,14,2025-10-29,14.0,420.0,384.46999999999997,35.53000000000003,91.54047619047618,2000.0,2420.0,0.0,384.46999999999997,15.887190082644626,2025-05-28,Renteinntekt,23.33
Atlas Eiendom AS,4510,Aktiv,18,15,2025-10-29,14.0,420.0,384.46999999999997,35.53000000000003,91.54047619047618,2000.0,2420.0,0.0,384.46999999999997,15.887190082644626,2025-06-27,Renteinntekt,23.33
Atlas Eiendom AS,4510,Aktiv,18,16,2025-10-29,14.0,420.0,384.46999999999997,35.53000000000003,91.54047619047618,2000.0,2420.0,0.0,384.46999999999997,15.887190082644626,2025-07-28,Renteinntekt,23.33
Kvitsand Hytter AS,4516,Aktiv,22,0,2026-02-12,16.0,586.6666666666666,390.95000000000016,195.71666666666647,66.63920454545458,2000.0,2586.6666666666665,0.0,390.95000000000016,15.114046391752584,2024-03-22,Tildeling,-2000.0
Kvitsand Hytter AS,4516,Aktiv,22,0,2026-02-12,16.0,586.6666666666666,390.95000000000016,195.71666666666647,66.63920454545458,2000.0,2586.6666666666665,0.0,390.95000000000016,15.114046391752584,2024-04-12,Forsinkelsesrente,0.04
Kvitsand Hytter AS,4516,Aktiv,22,1,2026-02-12,16.0,586.6666666666666,390.95000000000016,195.71666666666647,66.63920454545458,2000.0,2586.6666666666665,0.0,390.95000000000016,15.114046391752584,2024-04-12,Renteinntekt,17.53
Kvitsand Hytter AS,4516,Aktiv,22,2,2026-02-12,16.0,586.6666666666666,390.95000000000016,195.71666666666647,66.63920454545458,2000.0,2586.6666666666665,0.0,390.95000000000016,15.114046391752584,2024-05-07,Renteinntekt,26.67
Kvitsand Hytter AS,4516,Aktiv,22,3,2026-02-12,16.0,586.6666666666666,390.95000000000016,195.71666666666647,66.63920454545458,2000.0,2586.6666666666665,0.0,390.95000000000016,15.114046391752584,2024-06-07,Renteinntekt,26.67
Kvitsand Hytter AS,4516,Aktiv,22,4,2026-02-12,16.0,586.6666666666666,390.95000000000016,195.71666666666647,66.63920454545458,2000.0,2586.6666666666665,0.0,390.95000000000016,15.114046391752584,2024-07-08,Renteinntekt,26.67
Kvitsand Hytter AS,4516,Aktiv,22,5,2026-02-12,16.0,586.6666666666666,390.95000000000016,195.71666666666647,66.63920454545458,2000.0,2586.6666666666665,0.0,390.95000000000016,15.114046391752584,2024-08-07,Renteinntekt,26.67
Kvitsand Hytter AS,4516,Aktiv,22,6,2026-02-12,16.0,586.6666666666666,390.95000000000016,195.71666666666647,66.63920454545458,2000.0,2586.6666666666665,0.0,390.95000000000016,15.114046391752584,2024-09-09,Renteinntekt,26.67
Kvitsand Hytter AS,4516,Aktiv,22,7,2026-02-12,16.0,586.6666666666666,390.95000000000016,195.71666666666647,66.63920454545458,2000.0,2586.6666666666665,0.0,390.95000000000016,15.114046391752584,2024-10-07,Renteinntekt,26.67
Kvitsand Hytter AS,4516,Aktiv,22,8,2026-02-12,16.0,586.6666666666666,390.95000000000016,195.71666666666647,66.63920454545458,2000.0,2586.6666666666665,0.0,390.95000000000016,15.114046391752584,2024-11-07,Renteinntekt,26.67
Kvitsand Hytter AS,4516,Aktiv,22,9,2026-02-12,16.0,586.6666666666666,390.95000000000016,195.71666666666647,66.63920454545458,2000.0,2586.6666666666665,0.0,390.95000000000016,15.114046391752584,2024-12-09,Renteinntekt,26.67
Kvitsand Hytter AS,4516,Aktiv,22,10,2026-02-12,16.0,586.6666666666666,390.95000000000016,195.71666666666647,66.63920454545458,2000.0,2586.6666666666665,0.0,390.95000000000016,15.114046391752584,2025-01-07,Renteinntekt,26.67
Kvitsand Hytter AS,4516,Aktiv,22,11,2026-02-12,16.0,586.6666666666666,390.95000000000016,195.71666666666647,66.63920454545458,2000.0,2586.6666666666665,0.0,390.95000000000016,15.114046391752584,2025-02-07,Renteinntekt,26.67
Kvitsand Hytter AS,4516,Aktiv,22,12,2026-02-12,16.0,586.6666666666666,390.95000000000016,195.71666666666647,66.63920454545458,2000.0,2586.6666666666665,0.0,390.95000000000016,15.114046391752584,2025-03-07,Renteinntekt,26.67
Kvitsand Hytter AS,4516,Aktiv,22,13,2026-02-12,16.0,586.6666666666666,390.95000000000016,195.71666666666647,66.63920454545458,2000.0,2586.6666666666665,0.0,390.95000000000016,15.114046391752584,2025-04-07,Renteinntekt,26.67
Kvitsand Hytter AS,4516,Aktiv,22,14,2026-02-12,16.0,586.6666666666666,390.95000000000016,195.71666666666647,66.63920454545458,2000.0,2586.6666666666665,0.0,390.95000000000016,15.114046391752584,2025-05-07,Renteinntekt,26.67
Kvitsand Hytter AS,4516,Aktiv,22,15,2026-02-12,16.0,586.6666666666666,390.95000000000016,195.71666666666647,66.63920454545458,2000.0,2586.6666666666665,0.0,390.95000000000016,15.114046391752584,2025-06-10,Renteinntekt,26.67
Atlas Eiendom AS,4526,Aktiv,18,0,2025-10-29,14.0,420.0,365.28999999999996,54.710000000000036,86.97380952380952,2000.0,2420.0,0.0,365.28999999999996,15.094628099173551,2024-04-08,Tildeling,-2000.0
Atlas Eiendom AS,4526,Aktiv,18,1,2025-10-29,14.0,420.0,365.28999999999996,54.710000000000036,86.97380952380952,2000.0,2420.0,0.0,365.28999999999996,15.094628099173551,2024-04-29,Renteinntekt,15.34
Atlas Eiendom AS,4526,Aktiv,18,2,2025-10-29,14.0,420.0,365.28999999999996,54.710000000000036,86.97380952380952,2000.0,2420.0,0.0,365.28999999999996,15.094628099173551,2024-05-28,Renteinntekt,23.33
Atlas Eiendom AS,4526,Aktiv,18,3,2025-10-29,14.0,420.0,365.28999999999996,54.710000000000036,86.97380952380952,2000.0,2420.0,0.0,365.28999999999996,15.094628099173551,2024-06-28,Renteinntekt,23.33
Atlas Eiendom AS,4526,Aktiv,18,4,2025-10-29,14.0,420.0,365.28999999999996,54.710000000000036,86.97380952380952,2000.0,2420.0,0.0,365.28999999999996,15.094628099173551,2024-07-29,Renteinntekt,23.33
Atlas Eiendom AS,4526,Aktiv,18,5,2025-10-29,14.0,420.0,365.28999999999996,54.710000000000036,86.97380952380952,2000.0,2420.0,0.0,365.28999999999996,15.094628099173551,2024-08-28,Renteinntekt,23.33
Atlas Eiendom AS,4526,Aktiv,18,6,2025-10-29,14.0,420.0,365.28999999999996,54.710000000000036,86.97380952380952,2000.0,2420.0,0.0,365.28999999999996,15.094628099173551,2024-09-30,Renteinntekt,23.33
Atlas Eiendom AS,4526,Aktiv,18,7,2025-10-29,14.0,420.0,365.28999999999996,54.710000000000036,86.97380952380952,2000.0,2420.0,0.0,365.28999999999996,15.094628099173551,2024-10-28,Renteinntekt,23.33
Atlas Eiendom AS,4526,Aktiv,18,8,2025-10-29,14.0,420.0,365.28999999999996,54.710000000000036,86.97380952380952,2000.0,2420.0,0.0,365.28999999999996,15.094628099173551,2024-11-28,Renteinntekt,23.33
Atlas Eiendom AS,4526,Aktiv,18,9,2025-10-29,14.0,420.0,365.28999999999996,54.710000000000036,86.97380952380952,2000.0,2420.0,0.0,365.28999999999996,15.094628099173551,2024-12-30,Renteinntekt,23.33
Atlas Eiendom AS,4526,Aktiv,18,10,2025-10-29,14.0,420.0,365.28999999999996,54.710000000000036,86.97380952380952,2000.0,2420.0,0.0,365.28999999999996,15.094628099173551,2025-01-28,Renteinntekt,23.33
Atlas Eiendom AS,4526,Aktiv,18,11,2025-10-29,14.0,420.0,365.28999999999996,54.710000000000036,86.97380952380952,2000.0,2420.0,0.0,365.28999999999996,15.094628099173551,2025-02-28,Renteinntekt,23.33
Atlas Eiendom AS,4526,Aktiv,18,12,2025-10-29,14.0,420.0,365.28999999999996,54.710000000000036,86.97380952380952,2000.0,2420.0,0.0,365.28999999999996,15.094628099173551,2025-03-28,Renteinntekt,23.33
Atlas Eiendom AS,4526,Aktiv,18,13,2025-10-29,14.0,420.0,365.28999999999996,54.710000000000036,86.97380952380952,2000.0,2420.0,0.0,365.28999999999996,15.094628099173551,2025-04-28,Renteinntekt,23.33
Atlas Eiendom AS,4526,Aktiv,18,14,2025-10-29,14.0,420.0,365.28999999999996,54.710000000000036,86.97380952380952,2000.0,2420.0,0.0,365.28999999999996,15.094628099173551,2025-05-28,Renteinntekt,23.33
Atlas Eiendom AS,4526,Aktiv,18,15,2025-10-29,14.0,420.0,365.28999999999996,54.710000000000036,86.97380952380952,2000.0,2420.0,0.0,365.28999999999996,15.094628099173551,2025-06-27,Renteinntekt,23.33
Atlas Eiendom AS,4526,Aktiv,18,16,2025-10-29,14.0,420.0,365.28999999999996,54.710000000000036,86.97380952380952,2000.0,2420.0,0.0,365.28999999999996,15.094628099173551,2025-07-28,Renteinntekt,23.33
Streng AS,4537,Aktiv,24,0,2026-05-30,13.0,520.0,325.0500000000001,194.94999999999987,62.509615384615415,2000.0,2520.0,0.0,325.0500000000001,12.898809523809529,2024-05-02,Tildeling,-2000.0
Streng AS,4537,Aktiv,24,1,2026-05-30,13.0,520.0,325.0500000000001,194.94999999999987,62.509615384615415,2000.0,2520.0,0.0,325.0500000000001,12.898809523809529,2024-05-30,Renteinntekt,21.67
Streng AS,4537,Aktiv,24,2,2026-05-30,13.0,520.0,325.0500000000001,194.94999999999987,62.509615384615415,2000.0,2520.0,0.0,325.0500000000001,12.898809523809529,2024-07-01,Renteinntekt,21.67
Streng AS,4537,Aktiv,24,3,2026-05-30,13.0,520.0,325.0500000000001,194.94999999999987,62.509615384615415,2000.0,2520.0,0.0,325.0500000000001,12.898809523809529,2024-07-30,Renteinntekt,21.67
Streng AS,4537,Aktiv,24,4,2026-05-30,13.0,520.0,325.0500000000001,194.94999999999987,62.509615384615415,2000.0,2520.0,0.0,325.0500000000001,12.898809523809529,2024-08-30,Renteinntekt,21.67
Streng AS,4537,Aktiv,24,5,2026-05-30,13.0,520.0,325.0500000000001,194.94999999999987,62.509615384615415,2000.0,2520.0,0.0,325.0500000000001,12.898809523809529,2024-10-01,Renteinntekt,21.67
Streng AS,4537,Aktiv,24,6,2026-05-30,13.0,520.0,325.0500000000001,194.94999999999987,62.509615384615415,2000.0,2520.0,0.0,325.0500000000001,12.898809523809529,2024-10-30,Renteinntekt,21.67
Streng AS,4537,Aktiv,24,7,2026-05-30,13.0,520.0,325.0500000000001,194.94999999999987,62.509615384615415,2000.0,2520.0,0.0,325.0500000000001,12.898809523809529,2024-12-02,Renteinntekt,21.67
Streng AS,4537,Aktiv,24,8,2026-05-30,13.0,520.0,325.0500000000001,194.94999999999987,62.509615384615415,2000.0,2520.0,0.0,325.0500000000001,12.898809523809529,2024-12-31,Renteinntekt,21.67
Streng AS,4537,Aktiv,24,9,2026-05-30,13.0,520.0,325.0500000000001,194.94999999999987,62.509615384615415,2000.0,2520.0,0.0,325.0500000000001,12.898809523809529,2025-01-30,Renteinntekt,21.67
Streng AS,4537,Aktiv,24,10,2026-05-30,13.0,520.0,325.0500000000001,194.94999999999987,62.509615384615415,2000.0,2520.0,0.0,325.0500000000001,12.898809523809529,2025-03-03,Renteinntekt,21.67
Streng AS,4537,Aktiv,24,11,2026-05-30,13.0,520.0,325.0500000000001,194.94999999999987,62.509615384615415,2000.0,2520.0,0.0,325.0500000000001,12.898809523809529,2025-03-31,Renteinntekt,21.67
Streng AS,4537,Aktiv,24,12,2026-05-30,13.0,520.0,325.0500000000001,194.94999999999987,62.509615384615415,2000.0,2520.0,0.0,325.0500000000001,12.898809523809529,2025-05-02,Renteinntekt,21.67
Streng AS,4537,Aktiv,24,13,2026-05-30,13.0,520.0,325.0500000000001,194.94999999999987,62.509615384615415,2000.0,2520.0,0.0,325.0500000000001,12.898809523809529,2025-06-02,Renteinntekt,21.67
Streng AS,4537,Aktiv,24,14,2026-05-30,13.0,520.0,325.0500000000001,194.94999999999987,62.509615384615415,2000.0,2520.0,0.0,325.0500000000001,12.898809523809529,2025-07-01,Renteinntekt,21.67
Streng AS,4537,Aktiv,24,15,2026-05-30,13.0,520.0,325.0500000000001,194.94999999999987,62.509615384615415,2000.0,2520.0,0.0,325.0500000000001,12.898809523809529,2025-07-31,Renteinntekt,21.67
Atlas Eiendom AS,4541,Aktiv,18,0,2025-11-28,14.0,420.0,352.6999999999999,67.30000000000013,83.97619047619045,2000.0,2420.0,0.0,352.6999999999999,14.574380165289252,2024-04-23,Tildeling,-2000.0
Atlas Eiendom AS,4541,Aktiv,18,1,2025-11-28,14.0,420.0,352.6999999999999,67.30000000000013,83.97619047619045,2000.0,2420.0,0.0,352.6999999999999,14.574380165289252,2024-05-28,Renteinntekt,26.08
Atlas Eiendom AS,4541,Aktiv,18,2,2025-11-28,14.0,420.0,352.6999999999999,67.30000000000013,83.97619047619045,2000.0,2420.0,0.0,352.6999999999999,14.574380165289252,2024-06-28,Renteinntekt,23.33
Atlas Eiendom AS,4541,Aktiv,18,3,2025-11-28,14.0,420.0,352.6999999999999,67.30000000000013,83.97619047619045,2000.0,2420.0,0.0,352.6999999999999,14.574380165289252,2024-07-29,Renteinntekt,23.33
Atlas Eiendom AS,4541,Aktiv,18,4,2025-11-28,14.0,420.0,352.6999999999999,67.30000000000013,83.97619047619045,2000.0,2420.0,0.0,352.6999999999999,14.574380165289252,2024-08-28,Renteinntekt,23.33
Atlas Eiendom AS,4541,Aktiv,18,5,2025-11-28,14.0,420.0,352.6999999999999,67.30000000000013,83.97619047619045,2000.0,2420.0,0.0,352.6999999999999,14.574380165289252,2024-09-30,Renteinntekt,23.33
Atlas Eiendom AS,4541,Aktiv,18,6,2025-11-28,14.0,420.0,352.6999999999999,67.30000000000013,83.97619047619045,2000.0,2420.0,0.0,352.6999999999999,14.574380165289252,2024-10-28,Renteinntekt,23.33
Atlas Eiendom AS,4541,Aktiv,18,7,2025-11-28,14.0,420.0,352.6999999999999,67.30000000000013,83.97619047619045,2000.0,2420.0,0.0,352.6999999999999,14.574380165289252,2024-11-28,Renteinntekt,23.33
Atlas Eiendom AS,4541,Aktiv,18,8,2025-11-28,14.0,420.0,352.6999999999999,67.30000000000013,83.97619047619045,2000.0,2420.0,0.0,352.6999999999999,14.574380165289252,2024-12-30,Renteinntekt,23.33
Atlas Eiendom AS,4541,Aktiv,18,9,2025-11-28,14.0,420.0,352.6999999999999,67.30000000000013,83.97619047619045,2000.0,2420.0,0.0,352.6999999999999,14.574380165289252,2025-01-28,Renteinntekt,23.33
Atlas Eiendom AS,4541,Aktiv,18,10,2025-11-28,14.0,420.0,352.6999999999999,67.30000000000013,83.97619047619045,2000.0,2420.0,0.0,352.6999999999999,14.574380165289252,2025-02-28,Renteinntekt,23.33
Atlas Eiendom AS,4541,Aktiv,18,11,2025-11-28,14.0,420.0,352.6999999999999,67.30000000000013,83.97619047619045,2000.0,2420.0,0.0,352.6999999999999,14.574380165289252,2025-03-28,Renteinntekt,23.33
Atlas Eiendom AS,4541,Aktiv,18,12,2025-11-28,14.0,420.0,352.6999999999999,67.30000000000013,83.97619047619045,2000.0,2420.0,0.0,352.6999999999999,14.574380165289252,2025-04-28,Renteinntekt,23.33
Atlas Eiendom AS,4541,Aktiv,18,13,2025-11-28,14.0,420.0,352.6999999999999,67.30000000000013,83.97619047619045,2000.0,2420.0,0.0,352.6999999999999,14.574380165289252,2025-05-28,Renteinntekt,23.33
Atlas Eiendom AS,4541,Aktiv,18,14,2025-11-28,14.0,420.0,352.6999999999999,67.30000000000013,83.97619047619045,2000.0,2420.0,0.0,352.6999999999999,14.574380165289252,2025-06-27,Renteinntekt,23.33
Atlas Eiendom AS,4541,Aktiv,18,15,2025-11-28,14.0,420.0,352.6999999999999,67.30000000000013,83.97619047619045,2000.0,2420.0,0.0,352.6999999999999,14.574380165289252,2025-07-28,Renteinntekt,23.33
Quadrat Eiendom AS,4566,Aktiv,15,0,2025-11-12,15.0,375.0,294.73,80.26999999999998,78.59466666666667,2000.0,2375.0,0.0,294.73,12.409684210526317,2024-08-01,Tildeling,-2000.0
Quadrat Eiendom AS,4566,Aktiv,15,1,2025-11-12,15.0,375.0,294.73,80.26999999999998,78.59466666666667,2000.0,2375.0,0.0,294.73,12.409684210526317,2024-08-12,Renteinntekt,19.73
Quadrat Eiendom AS,4566,Aktiv,15,2,2025-11-12,15.0,375.0,294.73,80.26999999999998,78.59466666666667,2000.0,2375.0,0.0,294.73,12.409684210526317,2024-09-10,Renteinntekt,25.0
Quadrat Eiendom AS,4566,Aktiv,15,3,2025-11-12,15.0,375.0,294.73,80.26999999999998,78.59466666666667,2000.0,2375.0,0.0,294.73,12.409684210526317,2024-10-10,Renteinntekt,25.0
Quadrat Eiendom AS,4566,Aktiv,15,4,2025-11-12,15.0,375.0,294.73,80.26999999999998,78.59466666666667,2000.0,2375.0,0.0,294.73,12.409684210526317,2024-11-11,Renteinntekt,25.0
Quadrat Eiendom AS,4566,Aktiv,15,5,2025-11-12,15.0,375.0,294.73,80.26999999999998,78.59466666666667,2000.0,2375.0,0.0,294.73,12.409684210526317,2024-12-10,Renteinntekt,25.0
Quadrat Eiendom AS,4566,Aktiv,15,6,2025-11-12,15.0,375.0,294.73,80.26999999999998,78.59466666666667,2000.0,2375.0,0.0,294.73,12.409684210526317,2025-01-10,Renteinntekt,25.0
Quadrat Eiendom AS,4566,Aktiv,15,7,2025-11-12,15.0,375.0,294.73,80.26999999999998,78.59466666666667,2000.0,2375.0,0.0,294.73,12.409684210526317,2025-02-11,Renteinntekt,25.0
Quadrat Eiendom AS,4566,Aktiv,15,8,2025-11-12,15.0,375.0,294.73,80.26999999999998,78.59466666666667,2000.0,2375.0,0.0,294.73,12.409684210526317,2025-03-10,Renteinntekt,25.0
Quadrat Eiendom AS,4566,Aktiv,15,9,2025-11-12,15.0,375.0,294.73,80.26999999999998,78.59466666666667,2000.0,2375.0,0.0,294.73,12.409684210526317,2025-04-10,Renteinntekt,25.0
Quadrat Eiendom AS,4566,Aktiv,15,10,2025-11-12,15.0,375.0,294.73,80.26999999999998,78.59466666666667,2000.0,2375.0,0.0,294.73,12.409684210526317,2025-05-12,Renteinntekt,25.0
Quadrat Eiendom AS,4566,Aktiv,15,11,2025-11-12,15.0,375.0,294.73,80.26999999999998,78.59466666666667,2000.0,2375.0,0.0,294.73,12.409684210526317,2025-06-10,Renteinntekt,25.0
Quadrat Eiendom AS,4566,Aktiv,15,12,2025-11-12,15.0,375.0,294.73,80.26999999999998,78.59466666666667,2000.0,2375.0,0.0,294.73,12.409684210526317,2025-07-10,Renteinntekt,25.0
LeilighetsExperten AS,4592,Tilbakebetalt,15,0,2024-07-10,15.5,387.5,77.5,310.0,20.0,2000.0,2387.5,2000.0,2077.5,87.01570680628272,2024-07-01,Tildeling,-2000.0
LeilighetsExperten AS,4592,Tilbakebetalt,15,1,2024-07-10,15.5,387.5,77.5,310.0,20.0,2000.0,2387.5,2000.0,2077.5,87.01570680628272,2024-07-10,Renteinntekt,77.5
LeilighetsExperten AS,4592,Tilbakebetalt,15,1,2024-07-10,15.5,387.5,77.5,310.0,20.0,2000.0,2387.5,2000.0,2077.5,87.01570680628272,2024-07-10,Tilbakebetaling,2000.0
EBH Entreprenør AS,4599,Tilbakebetalt,11,0,2024-10-22,13.0,238.33333333333331,74.68,163.6533333333333,31.33426573426574,2000.0,2238.3333333333335,2000.0,2074.68,92.6886075949367,2024-07-09,Tildeling,-2000.0
EBH Entreprenør AS,4599,Tilbakebetalt,11,1,2024-10-22,13.0,238.33333333333331,74.68,163.6533333333333,31.33426573426574,2000.0,2238.3333333333335,2000.0,2074.68,92.6886075949367,2024-07-23,Renteinntekt,10.68
EBH Entreprenør AS,4599,Tilbakebetalt,11,2,2024-10-22,13.0,238.33333333333331,74.68,163.6533333333333,31.33426573426574,2000.0,2238.3333333333335,2000.0,2074.68,92.6886075949367,2024-08-23,Renteinntekt,21.67
EBH Entreprenør AS,4599,Tilbakebetalt,11,3,2024-10-22,13.0,238.33333333333331,74.68,163.6533333333333,31.33426573426574,2000.0,2238.3333333333335,2000.0,2074.68,92.6886075949367,2024-09-23,Renteinntekt,21.67
EBH Entreprenør AS,4599,Tilbakebetalt,11,4,2024-10-22,13.0,238.33333333333331,74.68,163.6533333333333,31.33426573426574,2000.0,2238.3333333333335,2000.0,2074.68,92.6886075949367,2024-10-22,Renteinntekt,20.66
EBH Entreprenør AS,4599,Tilbakebetalt,11,4,2024-10-22,13.0,238.33333333333331,74.68,163.6533333333333,31.33426573426574,2000.0,2238.3333333333335,2000.0,2074.68,92.6886075949367,2024-10-22,Tilbakebetaling,2000.0
EFA Eiendom AS,4628,Aktiv,13,0,2025-10-24,13.0,281.66666666666663,233.08000000000004,48.58666666666659,82.75029585798819,2000.0,2281.6666666666665,0.0,233.08000000000004,10.215339663988315,2024-09-04,Tildeling,-2000.0
EFA Eiendom AS,4628,Aktiv,13,1,2025-10-24,13.0,281.66666666666663,233.08000000000004,48.58666666666659,82.75029585798819,2000.0,2281.6666666666665,0.0,233.08000000000004,10.215339663988315,2024-09-24,Renteinntekt,16.38
EFA Eiendom AS,4628,Aktiv,13,2,2025-10-24,13.0,281.66666666666663,233.08000000000004,48.58666666666659,82.75029585798819,2000.0,2281.6666666666665,0.0,233.08000000000004,10.215339663988315,2024-10-22,Renteinntekt,21.67
EFA Eiendom AS,4628,Aktiv,13,3,2025-10-24,13.0,281.66666666666663,233.08000000000004,48.58666666666659,82.75029585798819,2000.0,2281.6666666666665,0.0,233.08000000000004,10.215339663988315,2024-11-22,Renteinntekt,21.67
EFA Eiendom AS,4628,Aktiv,13,4,2025-10-24,13.0,281.66666666666663,233.08000000000004,48.58666666666659,82.75029585798819,2000.0,2281.6666666666665,0.0,233.08000000000004,10.215339663988315,2024-12-23,Renteinntekt,21.67
EFA Eiendom AS,4628,Aktiv,13,5,2025-10-24,13.0,281.66666666666663,233.08000000000004,48.58666666666659,82.75029585798819,2000.0,2281.6666666666665,0.0,233.08000000000004,10.215339663988315,2025-01-22,Renteinntekt,21.67
EFA Eiendom AS,4628,Aktiv,13,6,2025-10-24,13.0,281.66666666666663,233.08000000000004,48.58666666666659,82.75029585798819,2000.0,2281.6666666666665,0.0,233.08000000000004,10.215339663988315,2025-02-24,Renteinntekt,21.67
EFA Eiendom AS,4628,Aktiv,13,7,2025-10-24,13.0,281.66666666666663,233.08000000000004,48.58666666666659,82.75029585798819,2000.0,2281.6666666666665,0.0,233.08000000000004,10.215339663988315,2025-03-24,Renteinntekt,21.67
EFA Eiendom AS,4628,Aktiv,13,8,2025-10-24,13.0,281.66666666666663,233.08000000000004,48.58666666666659,82.75029585798819,2000.0,2281.6666666666665,0.0,233.08000000000004,10.215339663988315,2025-04-22,Renteinntekt,21.67
EFA Eiendom AS,4628,Aktiv,13,9,2025-10-24,13.0,281.66666666666663,233.08000000000004,48.58666666666659,82.75029585798819,2000.0,2281.6666666666665,0.0,233.08000000000004,10.215339663988315,2025-05-22,Renteinntekt,21.67
EFA Eiendom AS,4628,Aktiv,13,10,2025-10-24,13.0,281.66666666666663,233.08000000000004,48.58666666666659,82.75029585798819,2000.0,2281.6666666666665,0.0,233.08000000000004,10.215339663988315,2025-06-23,Renteinntekt,21.67
EFA Eiendom AS,4628,Aktiv,13,11,2025-10-24,13.0,281.66666666666663,233.08000000000004,48.58666666666659,82.75029585798819,2000.0,2281.6666666666665,0.0,233.08000000000004,10.215339663988315,2025-07-22,Renteinntekt,21.67
Atlas Eiendom AS,4637,Aktiv,24,0,2026-10-28,13.0,130.0,54.300000000000004,75.69999999999999,41.769230769230774,500.0,630.0,0.0,54.300000000000004,8.619047619047619,2024-09-26,Tildeling,-500.0
Atlas Eiendom AS,4637,Aktiv,24,1,2026-10-28,13.0,130.0,54.300000000000004,75.69999999999999,41.769230769230774,500.0,630.0,0.0,54.300000000000004,8.619047619047619,2024-10-28,Renteinntekt,5.52
Atlas Eiendom AS,4637,Aktiv,24,2,2026-10-28,13.0,130.0,54.300000000000004,75.69999999999999,41.769230769230774,500.0,630.0,0.0,54.300000000000004,8.619047619047619,2024-11-28,Renteinntekt,5.42
Atlas Eiendom AS,4637,Aktiv,24,3,2026-10-28,13.0,130.0,54.300000000000004,75.69999999999999,41.769230769230774,500.0,630.0,0.0,54.300000000000004,8.619047619047619,2024-12-30,Renteinntekt,5.42
Atlas Eiendom AS,4637,Aktiv,24,4,2026-10-28,13.0,130.0,54.300000000000004,75.69999999999999,41.769230769230774,500.0,630.0,0.0,54.300000000000004,8.619047619047619,2025-01-28,Renteinntekt,5.42
Atlas Eiendom AS,4637,Aktiv,24,5,2026-10-28,13.0,130.0,54.300000000000004,75.69999999999999,41.769230769230774,500.0,630.0,0.0,54.300000000000004,8.619047619047619,2025-02-28,Renteinntekt,5.42
Atlas Eiendom AS,4637,Aktiv,24,6,2026-10-28,13.0,130.0,54.300000000000004,75.69999999999999,41.769230769230774,500.0,630.0,0.0,54.300000000000004,8.619047619047619,2025-03-28,Renteinntekt,5.42
Atlas Eiendom AS,4637,Aktiv,24,7,2026-10-28,13.0,130.0,54.300000000000004,75.69999999999999,41.769230769230774,500.0,630.0,0.0,54.300000000000004,8.619047619047619,2025-04-28,Renteinntekt,5.42
Atlas Eiendom AS,4637,Aktiv,24,8,2026-10-28,13.0,130.0,54.300000000000004,75.69999999999999,41.769230769230774,500.0,630.0,0.0,54.300000000000004,8.619047619047619,2025-05-28,Renteinntekt,5.42
Atlas Eiendom AS,4637,Aktiv,24,9,2026-10-28,13.0,130.0,54.300000000000004,75.69999999999999,41.769230769230774,500.0,630.0,0.0,54.300000000000004,8.619047619047619,2025-06-27,Renteinntekt,5.42
Atlas Eiendom AS,4637,Aktiv,24,10,2026-10-28,13.0,130.0,54.300000000000004,75.69999999999999,41.769230769230774,500.0,630.0,0.0,54.300000000000004,8.619047619047619,2025-07-28,Renteinntekt,5.42
BFM 8 AS,4644,Aktiv,20,0,2026-06-11,14.0,583.3333333333335,277.87000000000006,305.4633333333334,47.63485714285714,2500.0,3083.3333333333335,0.0,277.87000000000006,9.012000000000002,2024-09-27,Tildeling,-2500.0
BFM 8 AS,4644,Aktiv,20,1,2026-06-11,14.0,583.3333333333335,277.87000000000006,305.4633333333334,47.63485714285714,2500.0,3083.3333333333335,0.0,277.87000000000006,9.012000000000002,2024-10-11,Renteinntekt,15.34
BFM 8 AS,4644,Aktiv,20,2,2026-06-11,14.0,583.3333333333335,277.87000000000006,305.4633333333334,47.63485714285714,2500.0,3083.3333333333335,0.0,277.87000000000006,9.012000000000002,2024-11-11,Renteinntekt,29.17
BFM 8 AS,4644,Aktiv,20,3,2026-06-11,14.0,583.3333333333335,277.87000000000006,305.4633333333334,47.63485714285714,2500.0,3083.3333333333335,0.0,277.87000000000006,9.012000000000002,2024-12-09,Renteinntekt,29.17
BFM 8 AS,4644,Aktiv,20,4,2026-06-11,14.0,583.3333333333335,277.87000000000006,305.4633333333334,47.63485714285714,2500.0,3083.3333333333335,0.0,277.87000000000006,9.012000000000002,2025-01-10,Renteinntekt,29.17
BFM 8 AS,4644,Aktiv,20,5,2026-06-11,14.0,583.3333333333335,277.87000000000006,305.4633333333334,47.63485714285714,2500.0,3083.3333333333335,0.0,277.87000000000006,9.012000000000002,2025-02-11,Renteinntekt,29.17
BFM 8 AS,4644,Aktiv,20,6,2026-06-11,14.0,583.3333333333335,277.87000000000006,305.4633333333334,47.63485714285714,2500.0,3083.3333333333335,0.0,277.87000000000006,9.012000000000002,2025-03-10,Renteinntekt,29.17
BFM 8 AS,4644,Aktiv,20,7,2026-06-11,14.0,583.3333333333335,277.87000000000006,305.4633333333334,47.63485714285714,2500.0,3083.3333333333335,0.0,277.87000000000006,9.012000000000002,2025-04-10,Renteinntekt,29.17
BFM 8 AS,4644,Aktiv,20,8,2026-06-11,14.0,583.3333333333335,277.87000000000006,305.4633333333334,47.63485714285714,2500.0,3083.3333333333335,0.0,277.87000000000006,9.012000000000002,2025-05-12,Renteinntekt,29.17
BFM 8 AS,4644,Aktiv,20,9,2026-06-11,14.0,583.3333333333335,277.87000000000006,305.4633333333334,47.63485714285714,2500.0,3083.3333333333335,0.0,277.87000000000006,9.012000000000002,2025-06-10,Renteinntekt,29.17
BFM 8 AS,4644,Aktiv,20,10,2026-06-11,14.0,583.3333333333335,277.87000000000006,305.4633333333334,47.63485714285714,2500.0,3083.3333333333335,0.0,277.87000000000006,9.012000000000002,2025-07-11,Renteinntekt,29.17
Accrington AS,4649,Aktiv,23,0,2026-09-28,12.0,460.0,191.18,268.82,41.560869565217395,2000.0,2460.0,0.0,191.18,7.771544715447155,2024-10-10,Tildeling,-2000.0
Accrington AS,4649,Aktiv,23,1,2026-09-28,12.0,460.0,191.18,268.82,41.560869565217395,2000.0,2460.0,0.0,191.18,7.771544715447155,2024-10-28,Renteinntekt,11.18
Accrington AS,4649,Aktiv,23,2,2026-09-28,12.0,460.0,191.18,268.82,41.560869565217395,2000.0,2460.0,0.0,191.18,7.771544715447155,2024-11-28,Renteinntekt,20.0
Accrington AS,4649,Aktiv,23,3,2026-09-28,12.0,460.0,191.18,268.82,41.560869565217395,2000.0,2460.0,0.0,191.18,7.771544715447155,2024-12-30,Renteinntekt,20.0
Accrington AS,4649,Aktiv,23,4,2026-09-28,12.0,460.0,191.18,268.82,41.560869565217395,2000.0,2460.0,0.0,191.18,7.771544715447155,2025-01-27,Renteinntekt,20.0
Accrington AS,4649,Aktiv,23,5,2026-09-28,12.0,460.0,191.18,268.82,41.560869565217395,2000.0,2460.0,0.0,191.18,7.771544715447155,2025-02-26,Renteinntekt,20.0
Accrington AS,4649,Aktiv,23,6,2026-09-28,12.0,460.0,191.18,268.82,41.560869565217395,2000.0,2460.0,0.0,191.18,7.771544715447155,2025-03-26,Renteinntekt,20.0
Accrington AS,4649,Aktiv,23,7,2026-09-28,12.0,460.0,191.18,268.82,41.560869565217395,2000.0,2460.0,0.0,191.18,7.771544715447155,2025-04-28,Renteinntekt,20.0
Accrington AS,4649,Aktiv,23,8,2026-09-28,12.0,460.0,191.18,268.82,41.560869565217395,2000.0,2460.0,0.0,191.18,7.771544715447155,2025-05-26,Renteinntekt,20.0
Accrington AS,4649,Aktiv,23,9,2026-09-28,12.0,460.0,191.18,268.82,41.560869565217395,2000.0,2460.0,0.0,191.18,7.771544715447155,2025-06-26,Renteinntekt,20.0
Accrington AS,4649,Aktiv,23,10,2026-09-28,12.0,460.0,191.18,268.82,41.560869565217395,2000.0,2460.0,0.0,191.18,7.771544715447155,2025-07-28,Renteinntekt,20.0
Thorrud Bolig AS,4651,Aktiv,12,0,2025-11-12,14.0,140.0,105.03,34.97,75.02142857142857,1000.0,1140.0,0.0,105.03,9.213157894736842,2024-10-10,Tildeling,-1000.0
Thorrud Bolig AS,4651,Aktiv,12,1,2025-11-12,14.0,140.0,105.03,34.97,75.02142857142857,1000.0,1140.0,0.0,105.03,9.213157894736842,2024-11-12,Renteinntekt,11.67
Thorrud Bolig AS,4651,Aktiv,12,2,2025-11-12,14.0,140.0,105.03,34.97,75.02142857142857,1000.0,1140.0,0.0,105.03,9.213157894736842,2024-12-12,Renteinntekt,11.67
Thorrud Bolig AS,4651,Aktiv,12,3,2025-11-12,14.0,140.0,105.03,34.97,75.02142857142857,1000.0,1140.0,0.0,105.03,9.213157894736842,2025-01-10,Renteinntekt,11.67
Thorrud Bolig AS,4651,Aktiv,12,4,2025-11-12,14.0,140.0,105.03,34.97,75.02142857142857,1000.0,1140.0,0.0,105.03,9.213157894736842,2025-02-11,Renteinntekt,11.67
Thorrud Bolig AS,4651,Aktiv,12,5,2025-11-12,14.0,140.0,105.03,34.97,75.02142857142857,1000.0,1140.0,0.0,105.03,9.213157894736842,2025-03-10,Renteinntekt,11.67
Thorrud Bolig AS,4651,Aktiv,12,6,2025-11-12,14.0,140.0,105.03,34.97,75.02142857142857,1000.0,1140.0,0.0,105.03,9.213157894736842,2025-04-16,Renteinntekt,11.67
Thorrud Bolig AS,4651,Aktiv,12,7,2025-11-12,14.0,140.0,105.03,34.97,75.02142857142857,1000.0,1140.0,0.0,105.03,9.213157894736842,2025-05-12,Renteinntekt,11.67
Thorrud Bolig AS,4651,Aktiv,12,8,2025-11-12,14.0,140.0,105.03,34.97,75.02142857142857,1000.0,1140.0,0.0,105.03,9.213157894736842,2025-06-10,Renteinntekt,11.67
Thorrud Bolig AS,4651,Aktiv,12,9,2025-11-12,14.0,140.0,105.03,34.97,75.02142857142857,1000.0,1140.0,0.0,105.03,9.213157894736842,2025-07-10,Renteinntekt,11.67
BFM 8 AS,4656,Aktiv,19,0,2026-06-11,14.0,110.83333333333333,49.89,60.94333333333333,45.01353383458647,500.0,610.8333333333334,0.0,49.89,8.167530695770804,2024-10-23,Tildeling,-500.0
BFM 8 AS,4656,Aktiv,19,1,2026-06-11,14.0,110.83333333333333,49.89,60.94333333333333,45.01353383458647,500.0,610.8333333333334,0.0,49.89,8.167530695770804,2024-11-11,Renteinntekt,3.25
BFM 8 AS,4656,Aktiv,19,2,2026-06-11,14.0,110.83333333333333,49.89,60.94333333333333,45.01353383458647,500.0,610.8333333333334,0.0,49.89,8.167530695770804,2024-12-09,Renteinntekt,5.83
BFM 8 AS,4656,Aktiv,19,3,2026-06-11,14.0,110.83333333333333,49.89,60.94333333333333,45.01353383458647,500.0,610.8333333333334,0.0,49.89,8.167530695770804,2025-01-10,Renteinntekt,5.83
BFM 8 AS,4656,Aktiv,19,4,2026-06-11,14.0,110.83333333333333,49.89,60.94333333333333,45.01353383458647,500.0,610.8333333333334,0.0,49.89,8.167530695770804,2025-02-11,Renteinntekt,5.83
BFM 8 AS,4656,Aktiv,19,5,2026-06-11,14.0,110.83333333333333,49.89,60.94333333333333,45.01353383458647,500.0,610.8333333333334,0.0,49.89,8.167530695770804,2025-03-10,Renteinntekt,5.83
BFM 8 AS,4656,Aktiv,19,6,2026-06-11,14.0,110.83333333333333,49.89,60.94333333333333,45.01353383458647,500.0,610.8333333333334,0.0,49.89,8.167530695770804,2025-04-10,Renteinntekt,5.83
BFM 8 AS,4656,Aktiv,19,7,2026-06-11,14.0,110.83333333333333,49.89,60.94333333333333,45.01353383458647,500.0,610.8333333333334,0.0,49.89,8.167530695770804,2025-05-12,Renteinntekt,5.83
BFM 8 AS,4656,Aktiv,19,8,2026-06-11,14.0,110.83333333333333,49.89,60.94333333333333,45.01353383458647,500.0,610.8333333333334,0.0,49.89,8.167530695770804,2025-06-10,Renteinntekt,5.83
BFM 8 AS,4656,Aktiv,19,9,2026-06-11,14.0,110.83333333333333,49.89,60.94333333333333,45.01353383458647,500.0,610.8333333333334,0.0,49.89,8.167530695770804,2025-07-11,Renteinntekt,5.83
Atlas Eiendom AS,4659,Aktiv,24,0,2026-11-28,13.0,130.0,49.59,80.41,38.146153846153844,500.0,630.0,0.0,49.59,7.871428571428572,2024-10-25,Tildeling,-500.0
Atlas Eiendom AS,4659,Aktiv,24,1,2026-11-28,13.0,130.0,49.59,80.41,38.146153846153844,500.0,630.0,0.0,49.59,7.871428571428572,2024-11-28,Renteinntekt,6.23
Atlas Eiendom AS,4659,Aktiv,24,2,2026-11-28,13.0,130.0,49.59,80.41,38.146153846153844,500.0,630.0,0.0,49.59,7.871428571428572,2024-12-30,Renteinntekt,5.42
Atlas Eiendom AS,4659,Aktiv,24,3,2026-11-28,13.0,130.0,49.59,80.41,38.146153846153844,500.0,630.0,0.0,49.59,7.871428571428572,2025-01-28,Renteinntekt,5.42
Atlas Eiendom AS,4659,Aktiv,24,4,2026-11-28,13.0,130.0,49.59,80.41,38.146153846153844,500.0,630.0,0.0,49.59,7.871428571428572,2025-02-28,Renteinntekt,5.42
Atlas Eiendom AS,4659,Aktiv,24,5,2026-11-28,13.0,130.0,49.59,80.41,38.146153846153844,500.0,630.0,0.0,49.59,7.871428571428572,2025-03-28,Renteinntekt,5.42
Atlas Eiendom AS,4659,Aktiv,24,6,2026-11-28,13.0,130.0,49.59,80.41,38.146153846153844,500.0,630.0,0.0,49.59,7.871428571428572,2025-04-28,Renteinntekt,5.42
Atlas Eiendom AS,4659,Aktiv,24,7,2026-11-28,13.0,130.0,49.59,80.41,38.146153846153844,500.0,630.0,0.0,49.59,7.871428571428572,2025-05-28,Renteinntekt,5.42
Atlas Eiendom AS,4659,Aktiv,24,8,2026-11-28,13.0,130.0,49.59,80.41,38.146153846153844,500.0,630.0,0.0,49.59,7.871428571428572,2025-06-27,Renteinntekt,5.42
Atlas Eiendom AS,4659,Aktiv,24,9,2026-11-28,13.0,130.0,49.59,80.41,38.146153846153844,500.0,630.0,0.0,49.59,7.871428571428572,2025-07-28,Renteinntekt,5.42
Habitat Bolig AS,4665,Aktiv,30,0,2027-06-18,12.5,312.5,83.38,229.12,26.6816,1000.0,1312.5,0.0,83.38,6.352761904761904,2024-11-18,Tildeling,-1000.0
Habitat Bolig AS,4665,Aktiv,30,1,2027-06-18,12.5,312.5,83.38,229.12,26.6816,1000.0,1312.5,0.0,83.38,6.352761904761904,2024-12-18,Renteinntekt,10.42
Habitat Bolig AS,4665,Aktiv,30,2,2027-06-18,12.5,312.5,83.38,229.12,26.6816,1000.0,1312.5,0.0,83.38,6.352761904761904,2025-01-15,Renteinntekt,10.42
Habitat Bolig AS,4665,Aktiv,30,3,2027-06-18,12.5,312.5,83.38,229.12,26.6816,1000.0,1312.5,0.0,83.38,6.352761904761904,2025-02-17,Renteinntekt,10.42
Habitat Bolig AS,4665,Aktiv,30,3,2027-06-18,12.5,312.5,83.38,229.12,26.6816,1000.0,1312.5,0.0,83.38,6.352761904761904,2025-03-18,Forsinkelsesrente,0.02
Habitat Bolig AS,4665,Aktiv,30,4,2027-06-18,12.5,312.5,83.38,229.12,26.6816,1000.0,1312.5,0.0,83.38,6.352761904761904,2025-03-18,Renteinntekt,10.42
Habitat Bolig AS,4665,Aktiv,30,5,2027-06-18,12.5,312.5,83.38,229.12,26.6816,1000.0,1312.5,0.0,83.38,6.352761904761904,2025-04-15,Renteinntekt,10.42
Habitat Bolig AS,4665,Aktiv,30,6,2027-06-18,12.5,312.5,83.38,229.12,26.6816,1000.0,1312.5,0.0,83.38,6.352761904761904,2025-05-14,Renteinntekt,10.42
Habitat Bolig AS,4665,Aktiv,30,7,2027-06-18,12.5,312.5,83.38,229.12,26.6816,1000.0,1312.5,0.0,83.38,6.352761904761904,2025-06-16,Renteinntekt,10.42
Habitat Bolig AS,4665,Aktiv,30,8,2027-06-18,12.5,312.5,83.38,229.12,26.6816,1000.0,1312.5,0.0,83.38,6.352761904761904,2025-07-14,Renteinntekt,10.42
BFM 8 AS,4671,Aktiv,18,0,2026-06-09,14.0,210.0,92.4,117.6,44.0,1000.0,1210.0,0.0,92.4,7.636363636363637,2024-11-13,Tildeling,-1000.0
BFM 8 AS,4671,Aktiv,18,1,2026-06-09,14.0,210.0,92.4,117.6,44.0,1000.0,1210.0,0.0,92.4,7.636363636363637,2024-12-09,Renteinntekt,10.71
BFM 8 AS,4671,Aktiv,18,2,2026-06-09,14.0,210.0,92.4,117.6,44.0,1000.0,1210.0,0.0,92.4,7.636363636363637,2025-01-10,Renteinntekt,11.67
BFM 8 AS,4671,Aktiv,18,3,2026-06-09,14.0,210.0,92.4,117.6,44.0,1000.0,1210.0,0.0,92.4,7.636363636363637,2025-02-11,Renteinntekt,11.67
BFM 8 AS,4671,Aktiv,18,4,2026-06-09,14.0,210.0,92.4,117.6,44.0,1000.0,1210.0,0.0,92.4,7.636363636363637,2025-03-10,Renteinntekt,11.67
BFM 8 AS,4671,Aktiv,18,5,2026-06-09,14.0,210.0,92.4,117.6,44.0,1000.0,1210.0,0.0,92.4,7.636363636363637,2025-04-10,Renteinntekt,11.67
BFM 8 AS,4671,Aktiv,18,6,2026-06-09,14.0,210.0,92.4,117.6,44.0,1000.0,1210.0,0.0,92.4,7.636363636363637,2025-05-12,Renteinntekt,11.67
BFM 8 AS,4671,Aktiv,18,7,2026-06-09,14.0,210.0,92.4,117.6,44.0,1000.0,1210.0,0.0,92.4,7.636363636363637,2025-06-10,Renteinntekt,11.67
BFM 8 AS,4671,Aktiv,18,8,2026-06-09,14.0,210.0,92.4,117.6,44.0,1000.0,1210.0,0.0,92.4,7.636363636363637,2025-07-11,Renteinntekt,11.67
TBGEiendom AS,4683,Aktiv,24,0,2027-01-03,12.0,240.0,80.0,160.0,33.33333333333333,1000.0,1240.0,0.0,80.0,6.451612903225806,2024-12-02,Tildeling,-1000.0
TBGEiendom AS,4683,Aktiv,24,1,2027-01-03,12.0,240.0,80.0,160.0,33.33333333333333,1000.0,1240.0,0.0,80.0,6.451612903225806,2025-01-03,Renteinntekt,10.0
TBGEiendom AS,4683,Aktiv,24,2,2027-01-03,12.0,240.0,80.0,160.0,33.33333333333333,1000.0,1240.0,0.0,80.0,6.451612903225806,2025-02-03,Renteinntekt,10.0
TBGEiendom AS,4683,Aktiv,24,3,2027-01-03,12.0,240.0,80.0,160.0,33.33333333333333,1000.0,1240.0,0.0,80.0,6.451612903225806,2025-03-03,Renteinntekt,10.0
TBGEiendom AS,4683,Aktiv,24,4,2027-01-03,12.0,240.0,80.0,160.0,33.33333333333333,1000.0,1240.0,0.0,80.0,6.451612903225806,2025-04-03,Renteinntekt,10.0
TBGEiendom AS,4683,Aktiv,24,5,2027-01-03,12.0,240.0,80.0,160.0,33.33333333333333,1000.0,1240.0,0.0,80.0,6.451612903225806,2025-05-05,Renteinntekt,10.0
TBGEiendom AS,4683,Aktiv,24,6,2027-01-03,12.0,240.0,80.0,160.0,33.33333333333333,1000.0,1240.0,0.0,80.0,6.451612903225806,2025-06-03,Renteinntekt,10.0
TBGEiendom AS,4683,Aktiv,24,7,2027-01-03,12.0,240.0,80.0,160.0,33.33333333333333,1000.0,1240.0,0.0,80.0,6.451612903225806,2025-07-03,Renteinntekt,10.0
TBGEiendom AS,4683,Aktiv,24,8,2027-01-03,12.0,240.0,80.0,160.0,33.33333333333333,1000.0,1240.0,0.0,80.0,6.451612903225806,2025-08-04,Renteinntekt,10.0
Habitat Bolig AS,4684,Aktiv,30,0,2027-06-18,12.5,156.25,38.19,118.06,24.4416,500.0,656.25,0.0,38.19,5.819428571428571,2024-12-09,Tildeling,-500.0
Habitat Bolig AS,4684,Aktiv,30,1,2027-06-18,12.5,156.25,38.19,118.06,24.4416,500.0,656.25,0.0,38.19,5.819428571428571,2024-12-18,Renteinntekt,1.71
Habitat Bolig AS,4684,Aktiv,30,2,2027-06-18,12.5,156.25,38.19,118.06,24.4416,500.0,656.25,0.0,38.19,5.819428571428571,2025-01-15,Renteinntekt,5.21
Habitat Bolig AS,4684,Aktiv,30,3,2027-06-18,12.5,156.25,38.19,118.06,24.4416,500.0,656.25,0.0,38.19,5.819428571428571,2025-02-17,Renteinntekt,5.21
Habitat Bolig AS,4684,Aktiv,30,3,2027-06-18,12.5,156.25,38.19,118.06,24.4416,500.0,656.25,0.0,38.19,5.819428571428571,2025-03-18,Forsinkelsesrente,0.01
Habitat Bolig AS,4684,Aktiv,30,4,2027-06-18,12.5,156.25,38.19,118.06,24.4416,500.0,656.25,0.0,38.19,5.819428571428571,2025-03-18,Renteinntekt,5.21
Habitat Bolig AS,4684,Aktiv,30,5,2027-06-18,12.5,156.25,38.19,118.06,24.4416,500.0,656.25,0.0,38.19,5.819428571428571,2025-04-15,Renteinntekt,5.21
Habitat Bolig AS,4684,Aktiv,30,6,2027-06-18,12.5,156.25,38.19,118.06,24.4416,500.0,656.25,0.0,38.19,5.819428571428571,2025-05-14,Renteinntekt,5.21
Habitat Bolig AS,4684,Aktiv,30,7,2027-06-18,12.5,156.25,38.19,118.06,24.4416,500.0,656.25,0.0,38.19,5.819428571428571,2025-06-16,Renteinntekt,5.21
Habitat Bolig AS,4684,Aktiv,30,8,2027-06-18,12.5,156.25,38.19,118.06,24.4416,500.0,656.25,0.0,38.19,5.819428571428571,2025-07-14,Renteinntekt,5.21
BM Prosjekt og Utvikling AS,4691,Aktiv,36,0,2028-01-30,12.0,180.0,34.769999999999996,145.23000000000002,19.316666666666666,500.0,680.0,0.0,34.769999999999996,5.113235294117646,2025-01-08,Tildeling,-500.0
BM Prosjekt og Utvikling AS,4691,Aktiv,36,1,2028-01-30,12.0,180.0,34.769999999999996,145.23000000000002,19.316666666666666,500.0,680.0,0.0,34.769999999999996,5.113235294117646,2025-01-30,Renteinntekt,4.77
BM Prosjekt og Utvikling AS,4691,Aktiv,36,2,2028-01-30,12.0,180.0,34.769999999999996,145.23000000000002,19.316666666666666,500.0,680.0,0.0,34.769999999999996,5.113235294117646,2025-03-03,Renteinntekt,5.0
BM Prosjekt og Utvikling AS,4691,Aktiv,36,3,2028-01-30,12.0,180.0,34.769999999999996,145.23000000000002,19.316666666666666,500.0,680.0,0.0,34.769999999999996,5.113235294117646,2025-03-31,Renteinntekt,5.0
BM Prosjekt og Utvikling AS,4691,Aktiv,36,4,2028-01-30,12.0,180.0,34.769999999999996,145.23000000000002,19.316666666666666,500.0,680.0,0.0,34.769999999999996,5.113235294117646,2025-04-30,Renteinntekt,5.0
BM Prosjekt og Utvikling AS,4691,Aktiv,36,5,2028-01-30,12.0,180.0,34.769999999999996,145.23000000000002,19.316666666666666,500.0,680.0,0.0,34.769999999999996,5.113235294117646,2025-05-30,Renteinntekt,5.0
BM Prosjekt og Utvikling AS,4691,Aktiv,36,6,2028-01-30,12.0,180.0,34.769999999999996,145.23000000000002,19.316666666666666,500.0,680.0,0.0,34.769999999999996,5.113235294117646,2025-06-30,Renteinntekt,5.0
BM Prosjekt og Utvikling AS,4691,Aktiv,36,7,2028-01-30,12.0,180.0,34.769999999999996,145.23000000000002,19.316666666666666,500.0,680.0,0.0,34.769999999999996,5.113235294117646,2025-07-30,Renteinntekt,5.0
BM Prosjekt og Utvikling AS,4701,Aktiv,35,0,2028-02-03,13.0,189.58333333333331,32.52,157.0633333333333,17.153406593406597,500.0,689.5833333333333,0.0,32.52,4.715891238670696,2025-01-28,Tildeling,-500.0
BM Prosjekt og Utvikling AS,4701,Aktiv,35,1,2028-02-03,13.0,189.58333333333331,32.52,157.0633333333333,17.153406593406597,500.0,689.5833333333333,0.0,32.52,4.715891238670696,2025-03-03,Renteinntekt,5.42
BM Prosjekt og Utvikling AS,4701,Aktiv,35,2,2028-02-03,13.0,189.58333333333331,32.52,157.0633333333333,17.153406593406597,500.0,689.5833333333333,0.0,32.52,4.715891238670696,2025-03-31,Renteinntekt,5.42
BM Prosjekt og Utvikling AS,4701,Aktiv,35,3,2028-02-03,13.0,189.58333333333331,32.52,157.0633333333333,17.153406593406597,500.0,689.5833333333333,0.0,32.52,4.715891238670696,2025-04-30,Renteinntekt,5.42
BM Prosjekt og Utvikling AS,4701,Aktiv,35,4,2028-02-03,13.0,189.58333333333331,32.52,157.0633333333333,17.153406593406597,500.0,689.5833333333333,0.0,32.52,4.715891238670696,2025-05-30,Renteinntekt,5.42
BM Prosjekt og Utvikling AS,4701,Aktiv,35,5,2028-02-03,13.0,189.58333333333331,32.52,157.0633333333333,17.153406593406597,500.0,689.5833333333333,0.0,32.52,4.715891238670696,2025-06-30,Renteinntekt,5.42
BM Prosjekt og Utvikling AS,4701,Aktiv,35,6,2028-02-03,13.0,189.58333333333331,32.52,157.0633333333333,17.153406593406597,500.0,689.5833333333333,0.0,32.52,4.715891238670696,2025-07-30,Renteinntekt,5.42
Habitat Bolig AS,4702,Aktiv,29,0,2027-06-15,12.5,755.2083333333333,175.96999999999997,579.2383333333332,23.300855172413794,2500.0,3255.208333333333,0.0,175.96999999999997,5.405798399999999,2025-01-06,Tildeling,-2500.0
Habitat Bolig AS,4702,Aktiv,29,1,2027-06-15,12.5,755.2083333333333,175.96999999999997,579.2383333333332,23.300855172413794,2500.0,3255.208333333333,0.0,175.96999999999997,5.405798399999999,2025-01-15,Renteinntekt,19.69
Habitat Bolig AS,4702,Aktiv,29,2,2027-06-15,12.5,755.2083333333333,175.96999999999997,579.2383333333332,23.300855172413794,2500.0,3255.208333333333,0.0,175.96999999999997,5.405798399999999,2025-02-17,Renteinntekt,26.04
Habitat Bolig AS,4702,Aktiv,29,2,2027-06-15,12.5,755.2083333333333,175.96999999999997,579.2383333333332,23.300855172413794,2500.0,3255.208333333333,0.0,175.96999999999997,5.405798399999999,2025-03-18,Forsinkelsesrente,0.04
Habitat Bolig AS,4702,Aktiv,29,3,2027-06-15,12.5,755.2083333333333,175.96999999999997,579.2383333333332,23.300855172413794,2500.0,3255.208333333333,0.0,175.96999999999997,5.405798399999999,2025-03-18,Renteinntekt,26.04
Habitat Bolig AS,4702,Aktiv,29,4,2027-06-15,12.5,755.2083333333333,175.96999999999997,579.2383333333332,23.300855172413794,2500.0,3255.208333333333,0.0,175.96999999999997,5.405798399999999,2025-04-15,Renteinntekt,26.04
Habitat Bolig AS,4702,Aktiv,29,5,2027-06-15,12.5,755.2083333333333,175.96999999999997,579.2383333333332,23.300855172413794,2500.0,3255.208333333333,0.0,175.96999999999997,5.405798399999999,2025-05-14,Renteinntekt,26.04
Habitat Bolig AS,4702,Aktiv,29,6,2027-06-15,12.5,755.2083333333333,175.96999999999997,579.2383333333332,23.300855172413794,2500.0,3255.208333333333,0.0,175.96999999999997,5.405798399999999,2025-06-16,Renteinntekt,26.04
Habitat Bolig AS,4702,Aktiv,29,7,2027-06-15,12.5,755.2083333333333,175.96999999999997,579.2383333333332,23.300855172413794,2500.0,3255.208333333333,0.0,175.96999999999997,5.405798399999999,2025-07-14,Renteinntekt,26.04
Torggata 5 Skien AS,4709,Aktiv,21,0,2026-12-03,13.0,227.5,64.98,162.51999999999998,28.562637362637368,1000.0,1227.5,0.0,64.98,5.293686354378819,2025-01-31,Tildeling,-1000.0
Torggata 5 Skien AS,4709,Aktiv,21,1,2026-12-03,13.0,227.5,64.98,162.51999999999998,28.562637362637368,1000.0,1227.5,0.0,64.98,5.293686354378819,2025-03-03,Renteinntekt,10.83
Torggata 5 Skien AS,4709,Aktiv,21,2,2026-12-03,13.0,227.5,64.98,162.51999999999998,28.562637362637368,1000.0,1227.5,0.0,64.98,5.293686354378819,2025-03-28,Renteinntekt,10.83
Torggata 5 Skien AS,4709,Aktiv,21,3,2026-12-03,13.0,227.5,64.98,162.51999999999998,28.562637362637368,1000.0,1227.5,0.0,64.98,5.293686354378819,2025-04-28,Renteinntekt,10.83
Torggata 5 Skien AS,4709,Aktiv,21,4,2026-12-03,13.0,227.5,64.98,162.51999999999998,28.562637362637368,1000.0,1227.5,0.0,64.98,5.293686354378819,2025-05-28,Renteinntekt,10.83
Torggata 5 Skien AS,4709,Aktiv,21,5,2026-12-03,13.0,227.5,64.98,162.51999999999998,28.562637362637368,1000.0,1227.5,0.0,64.98,5.293686354378819,2025-06-30,Renteinntekt,10.83
Torggata 5 Skien AS,4709,Aktiv,21,6,2026-12-03,13.0,227.5,64.98,162.51999999999998,28.562637362637368,1000.0,1227.5,0.0,64.98,5.293686354378819,2025-07-29,Renteinntekt,10.83
Bjerget 33 Eiendom AS,4710,Aktiv,21,0,2026-11-24,13.0,568.75,167.45,401.3,29.441758241758244,2500.0,3068.75,0.0,167.45,5.456619144602851,2025-01-30,Tildeling,-2500.0
Bjerget 33 Eiendom AS,4710,Aktiv,21,1,2026-11-24,13.0,568.75,167.45,401.3,29.441758241758244,2500.0,3068.75,0.0,167.45,5.456619144602851,2025-02-24,Renteinntekt,32.05
Bjerget 33 Eiendom AS,4710,Aktiv,21,2,2026-11-24,13.0,568.75,167.45,401.3,29.441758241758244,2500.0,3068.75,0.0,167.45,5.456619144602851,2025-03-24,Renteinntekt,27.08
Bjerget 33 Eiendom AS,4710,Aktiv,21,3,2026-11-24,13.0,568.75,167.45,401.3,29.441758241758244,2500.0,3068.75,0.0,167.45,5.456619144602851,2025-04-23,Renteinntekt,27.08
Bjerget 33 Eiendom AS,4710,Aktiv,21,4,2026-11-24,13.0,568.75,167.45,401.3,29.441758241758244,2500.0,3068.75,0.0,167.45,5.456619144602851,2025-05-23,Renteinntekt,27.08
Bjerget 33 Eiendom AS,4710,Aktiv,21,5,2026-11-24,13.0,568.75,167.45,401.3,29.441758241758244,2500.0,3068.75,0.0,167.45,5.456619144602851,2025-06-23,Renteinntekt,27.08
Bjerget 33 Eiendom AS,4710,Aktiv,21,6,2026-11-24,13.0,568.75,167.45,401.3,29.441758241758244,2500.0,3068.75,0.0,167.45,5.456619144602851,2025-07-22,Renteinntekt,27.08
EFA Eiendom AS,4711,Aktiv,8,0,2025-10-24,12.5,125.0,84.78,40.22,67.824,1500.0,1625.0,0.0,84.78,5.21723076923077,2025-02-11,Tildeling,-1500.0
EFA Eiendom AS,4711,Aktiv,8,1,2025-10-24,12.5,125.0,84.78,40.22,67.824,1500.0,1625.0,0.0,84.78,5.21723076923077,2025-02-24,Renteinntekt,6.68
EFA Eiendom AS,4711,Aktiv,8,2,2025-10-24,12.5,125.0,84.78,40.22,67.824,1500.0,1625.0,0.0,84.78,5.21723076923077,2025-03-24,Renteinntekt,15.62
EFA Eiendom AS,4711,Aktiv,8,3,2025-10-24,12.5,125.0,84.78,40.22,67.824,1500.0,1625.0,0.0,84.78,5.21723076923077,2025-04-22,Renteinntekt,15.62
EFA Eiendom AS,4711,Aktiv,8,4,2025-10-24,12.5,125.0,84.78,40.22,67.824,1500.0,1625.0,0.0,84.78,5.21723076923077,2025-05-22,Renteinntekt,15.62
EFA Eiendom AS,4711,Aktiv,8,5,2025-10-24,12.5,125.0,84.78,40.22,67.824,1500.0,1625.0,0.0,84.78,5.21723076923077,2025-06-23,Renteinntekt,15.62
EFA Eiendom AS,4711,Aktiv,8,6,2025-10-24,12.5,125.0,84.78,40.22,67.824,1500.0,1625.0,0.0,84.78,5.21723076923077,2025-07-22,Renteinntekt,15.62
Konventveien 35 AS,4713,Venter,24,0,2027-08-15,13.0,130.0,0.0,130.0,0.0,500.0,630.0,0.0,0.0,0.0,2025-07-15,Tildeling,-500.0
Habitat Bolig AS,4721,Aktiv,28,0,2027-06-17,12.5,145.83333333333334,30.330000000000005,115.50333333333333,20.79771428571429,500.0,645.8333333333334,0.0,30.330000000000005,4.69625806451613,2025-01-22,Tildeling,-500.0
Habitat Bolig AS,4721,Aktiv,28,1,2027-06-17,12.5,145.83333333333334,30.330000000000005,115.50333333333333,20.79771428571429,500.0,645.8333333333334,0.0,30.330000000000005,4.69625806451613,2025-02-17,Renteinntekt,4.27
Habitat Bolig AS,4721,Aktiv,28,1,2027-06-17,12.5,145.83333333333334,30.330000000000005,115.50333333333333,20.79771428571429,500.0,645.8333333333334,0.0,30.330000000000005,4.69625806451613,2025-03-18,Forsinkelsesrente,0.01
Habitat Bolig AS,4721,Aktiv,28,2,2027-06-17,12.5,145.83333333333334,30.330000000000005,115.50333333333333,20.79771428571429,500.0,645.8333333333334,0.0,30.330000000000005,4.69625806451613,2025-03-18,Renteinntekt,5.21
Habitat Bolig AS,4721,Aktiv,28,3,2027-06-17,12.5,145.83333333333334,30.330000000000005,115.50333333333333,20.79771428571429,500.0,645.8333333333334,0.0,30.330000000000005,4.69625806451613,2025-04-15,Renteinntekt,5.21
Habitat Bolig AS,4721,Aktiv,28,4,2027-06-17,12.5,145.83333333333334,30.330000000000005,115.50333333333333,20.79771428571429,500.0,645.8333333333334,0.0,30.330000000000005,4.69625806451613,2025-05-14,Renteinntekt,5.21
Habitat Bolig AS,4721,Aktiv,28,5,2027-06-17,12.5,145.83333333333334,30.330000000000005,115.50333333333333,20.79771428571429,500.0,645.8333333333334,0.0,30.330000000000005,4.69625806451613,2025-06-16,Renteinntekt,5.21
Habitat Bolig AS,4721,Aktiv,28,6,2027-06-17,12.5,145.83333333333334,30.330000000000005,115.50333333333333,20.79771428571429,500.0,645.8333333333334,0.0,30.330000000000005,4.69625806451613,2025-07-14,Renteinntekt,5.21
Accrington AS,4726,Aktiv,19,0,2026-09-26,12.0,285.0,81.9,203.1,28.73684210526316,1500.0,1785.0,0.0,81.9,4.588235294117647,2025-02-13,Tildeling,-1500.0
Accrington AS,4726,Aktiv,19,1,2026-09-26,12.0,285.0,81.9,203.1,28.73684210526316,1500.0,1785.0,0.0,81.9,4.588235294117647,2025-02-26,Renteinntekt,6.9
Accrington AS,4726,Aktiv,19,2,2026-09-26,12.0,285.0,81.9,203.1,28.73684210526316,1500.0,1785.0,0.0,81.9,4.588235294117647,2025-03-26,Renteinntekt,15.0
Accrington AS,4726,Aktiv,19,3,2026-09-26,12.0,285.0,81.9,203.1,28.73684210526316,1500.0,1785.0,0.0,81.9,4.588235294117647,2025-04-28,Renteinntekt,15.0
Accrington AS,4726,Aktiv,19,4,2026-09-26,12.0,285.0,81.9,203.1,28.73684210526316,1500.0,1785.0,0.0,81.9,4.588235294117647,2025-05-26,Renteinntekt,15.0
Accrington AS,4726,Aktiv,19,5,2026-09-26,12.0,285.0,81.9,203.1,28.73684210526316,1500.0,1785.0,0.0,81.9,4.588235294117647,2025-06-26,Renteinntekt,15.0
Accrington AS,4726,Aktiv,19,6,2026-09-26,12.0,285.0,81.9,203.1,28.73684210526316,1500.0,1785.0,0.0,81.9,4.588235294117647,2025-07-28,Renteinntekt,15.0
Torggata 5 Skien AS,4727,Aktiv,21,0,2026-12-03,13.0,227.5,62.31999999999999,165.18,27.39340659340659,1000.0,1227.5,0.0,62.31999999999999,5.076985743380854,2025-02-05,Tildeling,-1000.0
Torggata 5 Skien AS,4727,Aktiv,21,1,2026-12-03,13.0,227.5,62.31999999999999,165.18,27.39340659340659,1000.0,1227.5,0.0,62.31999999999999,5.076985743380854,2025-03-03,Renteinntekt,8.6
Torggata 5 Skien AS,4727,Aktiv,21,2,2026-12-03,13.0,227.5,62.31999999999999,165.18,27.39340659340659,1000.0,1227.5,0.0,62.31999999999999,5.076985743380854,2025-03-28,Renteinntekt,11.4
Torggata 5 Skien AS,4727,Aktiv,21,3,2026-12-03,13.0,227.5,62.31999999999999,165.18,27.39340659340659,1000.0,1227.5,0.0,62.31999999999999,5.076985743380854,2025-04-28,Renteinntekt,9.83
Torggata 5 Skien AS,4727,Aktiv,21,4,2026-12-03,13.0,227.5,62.31999999999999,165.18,27.39340659340659,1000.0,1227.5,0.0,62.31999999999999,5.076985743380854,2025-05-28,Renteinntekt,10.83
Torggata 5 Skien AS,4727,Aktiv,21,5,2026-12-03,13.0,227.5,62.31999999999999,165.18,27.39340659340659,1000.0,1227.5,0.0,62.31999999999999,5.076985743380854,2025-06-30,Renteinntekt,10.83
Torggata 5 Skien AS,4727,Aktiv,21,6,2026-12-03,13.0,227.5,62.31999999999999,165.18,27.39340659340659,1000.0,1227.5,0.0,62.31999999999999,5.076985743380854,2025-07-29,Renteinntekt,10.83
Palmeglass AS,4730,Aktiv,16,0,2026-07-18,12.0,640.0,200.0,440.0,31.25,4000.0,4640.0,0.0,200.0,4.310344827586207,2025-02-25,Tildeling,-4000.0
Palmeglass AS,4730,Aktiv,16,1,2026-07-18,12.0,640.0,200.0,440.0,31.25,4000.0,4640.0,0.0,200.0,4.310344827586207,2025-03-18,Renteinntekt,40.0
Palmeglass AS,4730,Aktiv,16,2,2026-07-18,12.0,640.0,200.0,440.0,31.25,4000.0,4640.0,0.0,200.0,4.310344827586207,2025-04-22,Renteinntekt,40.0
Palmeglass AS,4730,Aktiv,16,3,2026-07-18,12.0,640.0,200.0,440.0,31.25,4000.0,4640.0,0.0,200.0,4.310344827586207,2025-05-19,Renteinntekt,40.0
Palmeglass AS,4730,Aktiv,16,4,2026-07-18,12.0,640.0,200.0,440.0,31.25,4000.0,4640.0,0.0,200.0,4.310344827586207,2025-06-18,Renteinntekt,40.0
Palmeglass AS,4730,Aktiv,16,5,2026-07-18,12.0,640.0,200.0,440.0,31.25,4000.0,4640.0,0.0,200.0,4.310344827586207,2025-07-18,Renteinntekt,40.0
TBGEiendom AS,4742,Aktiv,22,0,2027-01-03,12.0,220.0,53.93,166.07,24.513636363636362,1000.0,1220.0,0.0,53.93,4.420491803278689,2025-02-24,Tildeling,-1000.0
TBGEiendom AS,4742,Aktiv,22,1,2027-01-03,12.0,220.0,53.93,166.07,24.513636363636362,1000.0,1220.0,0.0,53.93,4.420491803278689,2025-03-03,Renteinntekt,3.93
TBGEiendom AS,4742,Aktiv,22,2,2027-01-03,12.0,220.0,53.93,166.07,24.513636363636362,1000.0,1220.0,0.0,53.93,4.420491803278689,2025-04-03,Renteinntekt,10.0
TBGEiendom AS,4742,Aktiv,22,3,2027-01-03,12.0,220.0,53.93,166.07,24.513636363636362,1000.0,1220.0,0.0,53.93,4.420491803278689,2025-05-05,Renteinntekt,10.0
TBGEiendom AS,4742,Aktiv,22,4,2027-01-03,12.0,220.0,53.93,166.07,24.513636363636362,1000.0,1220.0,0.0,53.93,4.420491803278689,2025-06-03,Renteinntekt,10.0
TBGEiendom AS,4742,Aktiv,22,5,2027-01-03,12.0,220.0,53.93,166.07,24.513636363636362,1000.0,1220.0,0.0,53.93,4.420491803278689,2025-07-03,Renteinntekt,10.0
TBGEiendom AS,4742,Aktiv,22,6,2027-01-03,12.0,220.0,53.93,166.07,24.513636363636362,1000.0,1220.0,0.0,53.93,4.420491803278689,2025-08-04,Renteinntekt,10.0
Torggata 5 Skien AS,4749,Aktiv,20,0,2026-11-28,13.0,216.66666666666669,54.15,162.51666666666668,24.992307692307687,1000.0,1216.6666666666667,0.0,54.15,4.450684931506848,2025-02-27,Tildeling,-1000.0
Torggata 5 Skien AS,4749,Aktiv,20,1,2026-11-28,13.0,216.66666666666669,54.15,162.51666666666668,24.992307692307687,1000.0,1216.6666666666667,0.0,54.15,4.450684931506848,2025-03-28,Renteinntekt,10.83
Torggata 5 Skien AS,4749,Aktiv,20,2,2026-11-28,13.0,216.66666666666669,54.15,162.51666666666668,24.992307692307687,1000.0,1216.6666666666667,0.0,54.15,4.450684931506848,2025-04-28,Renteinntekt,10.83
Torggata 5 Skien AS,4749,Aktiv,20,3,2026-11-28,13.0,216.66666666666669,54.15,162.51666666666668,24.992307692307687,1000.0,1216.6666666666667,0.0,54.15,4.450684931506848,2025-05-28,Renteinntekt,10.83
Torggata 5 Skien AS,4749,Aktiv,20,4,2026-11-28,13.0,216.66666666666669,54.15,162.51666666666668,24.992307692307687,1000.0,1216.6666666666667,0.0,54.15,4.450684931506848,2025-06-30,Renteinntekt,10.83
Torggata 5 Skien AS,4749,Aktiv,20,5,2026-11-28,13.0,216.66666666666669,54.15,162.51666666666668,24.992307692307687,1000.0,1216.6666666666667,0.0,54.15,4.450684931506848,2025-07-29,Renteinntekt,10.83
Palmeglass AS,4760,Aktiv,15,0,2026-07-22,12.0,150.0,38.2,111.8,25.466666666666672,1000.0,1150.0,0.0,38.2,3.321739130434783,2025-03-24,Tildeling,-1000.0
Palmeglass AS,4760,Aktiv,15,1,2026-07-22,12.0,150.0,38.2,111.8,25.466666666666672,1000.0,1150.0,0.0,38.2,3.321739130434783,2025-04-22,Renteinntekt,8.2
Palmeglass AS,4760,Aktiv,15,2,2026-07-22,12.0,150.0,38.2,111.8,25.466666666666672,1000.0,1150.0,0.0,38.2,3.321739130434783,2025-05-19,Renteinntekt,10.0
Palmeglass AS,4760,Aktiv,15,3,2026-07-22,12.0,150.0,38.2,111.8,25.466666666666672,1000.0,1150.0,0.0,38.2,3.321739130434783,2025-06-18,Renteinntekt,10.0
Palmeglass AS,4760,Aktiv,15,4,2026-07-22,12.0,150.0,38.2,111.8,25.466666666666672,1000.0,1150.0,0.0,38.2,3.321739130434783,2025-07-18,Renteinntekt,10.0
BFM 8 AS,4809,Aktiv,11,0,2026-06-11,13.0,119.16666666666666,19.23,99.93666666666665,16.137062937062936,1000.0,1119.1666666666667,0.0,19.23,1.7182427401340281,2025-05-16,Tildeling,-1000.0
BFM 8 AS,4809,Aktiv,11,1,2026-06-11,13.0,119.16666666666666,19.23,99.93666666666665,16.137062937062936,1000.0,1119.1666666666667,0.0,19.23,1.7182427401340281,2025-07-11,Renteinntekt,19.23
VE Gruppen,4820,Aktiv,27,0,2027-10-03,13.0,146.25,10.84,135.41,7.411965811965812,500.0,646.25,0.0,10.84,1.6773694390715668,2025-06-04,Tildeling,-500.0
VE Gruppen,4820,Aktiv,27,1,2027-10-03,13.0,146.25,10.84,135.41,7.411965811965812,500.0,646.25,0.0,10.84,1.6773694390715668,2025-07-03,Renteinntekt,5.42
VE Gruppen,4820,Aktiv,27,2,2027-10-03,13.0,146.25,10.84,135.41,7.411965811965812,500.0,646.25,0.0,10.84,1.6773694390715668,2025-08-04,Renteinntekt,5.42
BFM 8 AS,4826,Aktiv,11,0,2026-06-11,13.0,59.58333333333333,5.15,54.43333333333333,8.643356643356645,500.0,559.5833333333334,0.0,5.15,0.9203276247207743,2025-06-10,Tildeling,-500.0
BFM 8 AS,4826,Aktiv,11,1,2026-06-11,13.0,59.58333333333333,5.15,54.43333333333333,8.643356643356645,500.0,559.5833333333334,0.0,5.15,0.9203276247207743,2025-07-11,Renteinntekt,5.15
Atlas Eiendom AS,4830,Aktiv,24,0,2027-06-27,13.0,130.0,6.13,123.87,4.715384615384615,500.0,630.0,0.0,6.13,0.973015873015873,2025-06-25,Tildeling,-500.0
Atlas Eiendom AS,4830,Aktiv,24,1,2027-06-27,13.0,130.0,6.13,123.87,4.715384615384615,500.0,630.0,0.0,6.13,0.973015873015873,2025-06-27,Renteinntekt,0.71
Atlas Eiendom AS,4830,Aktiv,24,2,2027-06-27,13.0,130.0,6.13,123.87,4.715384615384615,500.0,630.0,0.0,6.13,0.973015873015873,2025-07-28,Renteinntekt,5.42
BFM 8 AS,4844,Venter,10,0,2026-06-11,13.0,54.16666666666667,0.0,54.16666666666667,0.0,500.0,554.1666666666666,0.0,0.0,0.0,2025-07-11,Tildeling,-500.0
Stubbbengkroken 73 AS,4846,Venter,12,0,2026-08-31,12.0,60.0,0.0,60.0,0.0,500.0,560.0,0.0,0.0,0.0,2025-07-31,Tildeling,-500.0
Palmeglass AS,4848,Venter,11,0,2026-07-28,12.0,1045.0,0.0,1045.0,0.0,9500.0,10545.0,0.0,0.0,0.0,2025-07-28,Tildeling,-9500.0
